"","Codon","Axis1","Axis2","Axis3","Axis4","cond_end"
"1","UUU",-0.22608,-2.80224,-0.13574,0.00847,"U"
"2","UCU",0.2152,-2.00584,0.13314,-0.10443,"U"
"3","UAU",0.64912,-1.15832,0.00779,0.00518,"U"
"4","UGU",1.05912,0.3012,0.16,-0.21824,"U"
"5","UUC",-3.04864,-1.98832,0.11959,-0.24575,"C"
"6","UCC",-0.22744,-0.28784,-0.12303,0.05866,"C"
"7","UAC",-0.27144,-1.4384,0.08274,-0.13512,"C"
"8","UGC",1.46808,1.1988,0.09925,-0.0697,"C"
"9","UUA",-0.4172,-1.92496,-0.07504,0.10415,"A"
"10","UCA",1.21352,-2.668,-0.16747,0.08378,"A"
"11","UUG",-0.50896,-0.25064,-0.1248,-0.0572,"G"
"12","UCG",1.6772,-1.61872,-0.26417,0.07295,"G"
"13","CUU",-0.24944,-1.55024,-0.04592,0.14382,"U"
"14","CCU",-1.42536,1.03704,0.11431,0.13721,"U"
"15","CAU",-0.8288,-0.36472,-0.20644,-0.2741,"U"
"16","CGU",-1.40248,2.75608,-0.28889,-0.18805,"U"
"17","CUC",-0.40464,-0.72704,0.08989,0.10016,"C"
"18","CCC",-0.6224,1.72312,-0.18373,-0.01313,"C"
"19","CAC",-0.7428,0.052,0.04593,-0.48398,"C"
"20","CGC",0.404,3.64064,-0.04166,-0.10387,"C"
"21","CUA",-0.8804,-1.5572,0.232,-0.16168,"A"
"22","CCA",-0.552,0.18192,0.0157,0.0858,"A"
"23","CAA",1.03352,0.50136,-0.03544,0.09027,"A"
"24","CGA",2.62312,2.7556,0.02365,-0.04501,"A"
"25","CUG",0.85232,-0.82944,0.05551,-0.05228,"G"
"26","CCG",-0.53048,1.4516,-0.28228,-0.17154,"G"
"27","CAG",-0.43984,1.19632,0.13298,0.26649,"G"
"28","CGG",3.35784,2.14688,0.03302,-0.08139,"G"
"29","AUU",0.6324,-0.66176,0.06537,0.06803,"U"
"30","ACU",-1.22536,-0.13104,-0.03369,-0.05825,"U"
"31","AAU",1.98416,-0.91312,0.08415,-0.01615,"U"
"32","AGU",0.45264,-1.08656,-0.14227,-0.17801,"U"
"33","AUC",-0.62512,-0.32216,0.3422,-0.08425,"C"
"34","ACC",-2.28808,1.372,0.03731,-0.05913,"C"
"35","AAC",0.23096,0.21656,0.27092,-0.20721,"C"
"36","AGC",-1.17568,-0.21968,0.15644,-0.26451,"C"
"37","AUA",1.69728,-0.7472,-0.08631,0.10065,"A"
"38","ACA",0.5892,0.06984,-0.07608,0.08342,"A"
"39","AAA",3.85368,0.94536,-0.05413,-0.07802,"A"
"40","AGA",2.77216,2.76424,-0.10978,0.00788,"A"
"41","ACG",-0.10432,0.06392,0.22476,0.2797,"G"
"42","AAG",3.9856,0.48696,-0.00581,-0.05654,"G"
"43","AGG",2.6116,3.1956,-0.06536,-0.10405,"G"
"44","GUU",-1.93792,0.45272,-0.06387,0.14903,"U"
"45","GCU",-3.55152,0.69816,0.07292,-0.05134,"U"
"46","GAU",0.49152,0.08072,0.04537,-0.0163,"U"
"47","GGU",-3.5332,1.28328,0.07366,-0.03883,"U"
"48","GUC",-0.06328,-0.66728,-0.20538,0.03927,"C"
"49","GCC",-2.524,1.44144,-0.07448,0.26993,"C"
"50","GAC",0.75904,1.4216,0.22351,-0.07657,"C"
"51","GGC",-3.3248,0.30928,-0.10984,-0.03261,"C"
"52","GUA",-2.34096,1.07744,0.06014,0.11377,"A"
"53","GCA",-2.09704,1.66608,-0.2482,-0.16379,"A"
"54","GAA",1.24408,0.70712,0.23337,0.06521,"A"
"55","GGA",-0.78904,0.60808,-0.03817,0.10032,"A"
"56","GUG",-0.402,0.5412,-0.14624,0.23494,"G"
"57","GCG",-2.75632,1.76128,0.04728,0.33773,"G"
"58","GAG",0.57512,1.05328,0.15803,0.06705,"G"
"59","GGG",-0.89064,1.47896,-0.18836,0.04064,"G"
