"","Genes","T3s","C3s","A3s","G3s","CAI","CBI","Fop","Nc","GC3s","GC","L_sym","L_aa","Gravy","Aromo","A3_bias","G3_bias"
"1","psbA",0.5362,0.2533,0.2976,0.0724,0.321,0.226,0.55,39.4,0.281,0.418,331,353,0.335128,0.135977,0.356920124730151,0.222290451335585
"2","matK",0.5096,0.1435,0.4532,0.204,0.16,-0.186,0.305,48.73,0.247,0.325,489,504,-0.115675,0.154762,0.470710427918571,0.58705035971223
"3","atpA",0.4875,0.15,0.4019,0.1806,0.197,-0.059,0.383,46.74,0.26,0.41,496,507,-0.096252,0.059172,0.451877670339555,0.546279491833031
"4","atpF",0.4069,0.1793,0.4507,0.2422,0.146,-0.129,0.339,46.35,0.317,0.379,180,184,-0.316848,0.070652,0.525536380597015,0.574614472123369
"5","atpI",0.4811,0.1981,0.4031,0.1024,0.18,-0.05,0.37,44.27,0.248,0.383,238,247,0.687854,0.125506,0.455892332051572,0.340765391014975
"6","rps2",0.4923,0.1077,0.4157,0.2229,0.165,-0.146,0.327,50.73,0.248,0.391,226,236,-0.276695,0.067797,0.457819383259912,0.674228675136116
"7","rpoC2",0.4405,0.1668,0.4459,0.2147,0.154,-0.155,0.326,51.38,0.285,0.38,1361,1393,-0.28514,0.090452,0.503046028880866,0.562778505897772
"8","rpoC1",0.4826,0.1499,0.4561,0.1732,0.15,-0.138,0.326,48.07,0.244,0.386,659,681,-0.293979,0.095448,0.485884734206882,0.536056948313216
"9","rpoB",0.443,0.1434,0.4501,0.2222,0.155,-0.117,0.344,49.88,0.276,0.393,1037,1070,-0.273271,0.081308,0.50397491882208,0.607768052516411
"10","psbD",0.5067,0.2033,0.3648,0.1261,0.249,0.042,0.441,44.18,0.272,0.426,331,353,0.35949,0.169972,0.418588640275387,0.382817243472981
"11","rps14",0.3467,0.1333,0.4756,0.2727,0.127,-0.159,0.323,36.81,0.323,0.42,96,100,-0.979,0.06,0.578377721026389,0.671674876847291
"12","psaB",0.4792,0.1773,0.3843,0.1767,0.183,-0.082,0.37,49.56,0.28,0.416,689,734,0.115668,0.151226,0.445049218297626,0.499152542372881
"13","psaA",0.4379,0.2112,0.3833,0.1691,0.194,-0.087,0.364,50.52,0.308,0.437,707,750,0.251733,0.130667,0.46675596687774,0.444648961346306
"14","pafI",0.4511,0.1729,0.4576,0.2353,0.155,-0.134,0.36,56.06,0.292,0.397,161,168,-0.501786,0.142857,0.503576537911302,0.576433121019108
"15","rps4",0.4528,0.1761,0.4724,0.1333,0.15,-0.02,0.386,51.2,0.244,0.381,197,201,-0.711443,0.064677,0.510592304366623,0.430833872010343
"16","ndhJ",0.4762,0.1746,0.4196,0.2,0.176,-0.098,0.349,55.51,0.282,0.407,149,158,-0.275949,0.14557,0.468408126814021,0.533902829684997
"17","ndhK",0.4764,0.1728,0.4294,0.129,0.148,-0.169,0.313,49.91,0.244,0.393,217,225,-0.202667,0.093333,0.474056083020534,0.427435387673956
"18","ndhC",0.52,0.1,0.4432,0.1333,0.186,-0.076,0.342,50.77,0.18,0.361,111,120,0.995833,0.2,0.460132890365448,0.57136733819117
"19","atpE",0.4167,0.1852,0.3981,0.2174,0.161,-0.03,0.391,52.95,0.312,0.419,128,133,-0.044361,0.022556,0.488586156111929,0.539990064580228
"20","atpB",0.4251,0.1966,0.4167,0.1618,0.196,0.006,0.413,47.64,0.291,0.432,484,498,-0.048394,0.058233,0.495010691375624,0.451450892857143
"21","rbcL",0.4961,0.2016,0.3898,0.1541,0.255,0.07,0.464,49.2,0.281,0.437,459,477,-0.27631,0.100629,0.4400045151823,0.433230250210852
"22","accD",0.595,0.165,0.3556,0.1806,0.205,-0.154,0.349,47.39,0.249,0.343,473,492,-0.439837,0.107724,0.374079528718704,0.522569444444444
"23","pafII",0.5099,0.1589,0.3556,0.2174,0.169,-0.063,0.374,49.14,0.282,0.384,174,184,0.263043,0.179348,0.410860774119006,0.577730534148286
"24","cemA",0.5138,0.1989,0.4241,0.1538,0.205,-0.027,0.394,43.37,0.259,0.33,216,229,0.197817,0.148472,0.452180403028041,0.436064644173519
"25","petA",0.4903,0.1712,0.3571,0.2455,0.186,-0.103,0.35,52.46,0.312,0.403,314,320,-0.085625,0.08125,0.421406655652584,0.589152867770578
"26","rps18",0.4875,0.125,0.4353,0.1711,0.106,-0.156,0.313,36.33,0.232,0.347,99,101,-0.792079,0.059406,0.471716514954486,0.577845322526173
"27","rpl20",0.46,0.1,0.4457,0.2078,0.095,-0.193,0.292,46.44,0.23,0.359,113,117,-0.488034,0.076923,0.492105553715358,0.67511371020143
"28","clpP1",0.4423,0.1731,0.4362,0.1765,0.178,-0.106,0.341,56.65,0.276,0.423,185,196,0.085204,0.096939,0.496528173022197,0.504862700228833
"29","psbB",0.4908,0.1705,0.3817,0.1507,0.182,-0.087,0.364,46.38,0.262,0.434,481,508,0.113189,0.145669,0.437478510028653,0.469178082191781
"30","petB",0.5056,0.1611,0.3374,0.1678,0.222,0.01,0.405,46.55,0.27,0.409,200,215,0.565117,0.134884,0.400237247924081,0.510185466707206
"31","petD",0.4783,0.1087,0.464,0.1207,0.175,-0.092,0.32,39.16,0.19,0.381,153,160,0.58375,0.10625,0.492412182956596,0.52615518744551
"32","rpoA",0.4706,0.1608,0.502,0.1589,0.158,-0.12,0.342,48.12,0.235,0.347,319,327,-0.344648,0.070336,0.516142298992392,0.497028464185174
"33","rps11",0.45,0.125,0.4569,0.1028,0.153,-0.113,0.346,43.54,0.195,0.454,133,138,-0.365217,0.036232,0.503804168044988,0.451273046532046
"34","rps8",0.4174,0.1652,0.4571,0.1667,0.103,-0.053,0.372,36.33,0.256,0.373,129,134,-0.339552,0.052239,0.522698684962836,0.502259716782163
"35","rpl14",0.4314,0.1765,0.4639,0.1446,0.167,-0.056,0.37,49.56,0.252,0.404,119,122,-0.041803,0.032787,0.518150340667933,0.450327000934288
"36","rpl16",0.3868,0.1509,0.5179,0.1111,0.128,-0.072,0.373,40.63,0.214,0.427,126,135,-0.462963,0.081481,0.572454957444457,0.424045801526718
"37","rps3",0.45,0.1688,0.5318,0.1329,0.145,-0.143,0.333,49.53,0.219,0.356,210,218,-0.364679,0.073394,0.541658178855164,0.44050381173351
"38","rpl22",0.4034,0.1513,0.5431,0.1485,0.143,-0.077,0.368,51.34,0.229,0.382,144,151,-0.443709,0.086093,0.573798203909139,0.495330220146765
"39","rpl2",0.4017,0.188,0.4247,0.1878,0.139,-0.091,0.362,52.81,0.302,0.44,268,274,-0.572993,0.047445,0.51391577928364,0.499733901011176
"40","ndhB",0.4331,0.2063,0.4293,0.1293,0.166,-0.074,0.362,47.65,0.273,0.374,484,510,0.650392,0.12549,0.497796846011132,0.385280095351609
"41","rps7",0.4132,0.1488,0.5231,0.1176,0.186,-0.068,0.38,45,0.213,0.409,150,155,-0.580645,0.045161,0.558688454555164,0.441441441441441
"42","ycf1",0.4839,0.1548,0.5558,0.1551,0.161,-0.135,0.345,46.72,0.218,0.302,1819,1890,-0.598148,0.121164,0.534577281908243,0.500484027105518
"43","ndhH",0.4557,0.1672,0.4947,0.1429,0.16,-0.075,0.363,51.07,0.235,0.386,366,393,-0.136133,0.114504,0.520517676767677,0.46081909061593
"44","ndhA",0.4615,0.1282,0.4637,0.126,0.132,-0.146,0.301,43.76,0.203,0.344,349,363,0.721212,0.129477,0.501188932122784,0.495672698662471
"45","ndhI",0.5145,0.1812,0.4464,0.1443,0.212,-0.095,0.363,46.57,0.244,0.363,160,167,-0.164072,0.11976,0.464564470808617,0.44331797235023
"46","ndhG",0.5,0.1062,0.391,0.1927,0.13,-0.226,0.253,46.35,0.224,0.345,170,176,1.114773,0.119318,0.438832772166106,0.644697223151556
"47","ndhE",0.5618,0.1124,0.36,0.1639,0.145,-0.186,0.299,46.13,0.206,0.323,97,101,0.693069,0.09901,0.390540247342157,0.593195801664857
"48","ccsA",0.4513,0.1661,0.485,0.1034,0.149,-0.199,0.292,45.22,0.22,0.336,305,326,0.581288,0.150307,0.51799636868525,0.383673469387755
"49","ndhF",0.5331,0.1025,0.4366,0.1609,0.133,-0.242,0.264,44.26,0.194,0.319,697,736,0.568614,0.163043,0.450242342992678,0.61085801063022
