"","gene","no","step","base_pos","aa_pos","codon_pos","base_change","codon_change","aa_change","label","silent","group"
"1","matK",1,"1/1",89,30,2,"C→U","GCA→GUA","A→V","matKeU89AV",NA,"Other"
"2","matK",2,"1/1",97,33,1,"C→U","CAU→UAU","H→Y","matKeU97HY",NA,"Other"
"3","matK",3,"1/1",232,78,1,"U→C","UCU→CCU","S→P","matKeC232SP",NA,"Other"
"4","matK",4,"1/1",256,86,1,"C→U","CCA→UCA","P→S","matKeU256PS",NA,"Other"
"5","matK",5,"1/1",262,88,1,"U→C","UUU→CUU","F→L","matKeC262FL",NA,"Other"
"6","matK",6,"1/1",302,101,2,"C→U","GCG→GUG","A→V","matKeU302AV",NA,"Other"
"7","matK",7,"1/1",382,128,1,"C→U","CAU→UAU","H→Y","matKeU382HY",NA,"Other"
"8","matK",8,"1/1",430,144,1,"U→C","UUC→CUC","F→L","matKeC430FL",NA,"Other"
"9","matK",9,"1/1",469,157,1,"C→U","CAC→UAC","H→Y","matKeU469HY",NA,"Other"
"10","matK",10,"1/1",511,171,1,"U→C","UGG→CGG","W→R","matKeC511WR",NA,"Other"
"11","matK",11,"1/1",587,196,2,"C→U","ACU→AUU","T→I","matKeU587TI",NA,"Other"
"12","matK",12,"1/1",604,202,1,"U→C","UUU→CUU","F→L","matKeC604FL",NA,"Other"
"13","matK",13,"1/1",622,208,1,"U→C","UUC→CUC","F→L","matKeC622FL",NA,"Other"
"14","matK",14,"1/1",640,214,1,"C→U","CAU→UAU","H→Y","matKeU640HY",NA,"Other"
"15","matK",15,"1/1",644,215,2,"C→U","GCA→GUA","A→V","matKeU644AV",NA,"Other"
"16","matK",16,"1/1",667,223,1,"C→U","CUU→UUU","L→F","matKeU667LF",NA,"Other"
"17","matK",17,"1/1",718,240,1,"U→C","UUU→CUU","F→L","matKeC718FL",NA,"Other"
"18","matK",18,"1/1",721,241,1,"C→U","CUU→UUU","L→F","matKeU721LF",NA,"Other"
"19","matK",19,"1/1",754,252,1,"U→C","UAU→CAU","Y→H","matKeC754YH",NA,"Other"
"20","matK",20,"1/1",757,253,1,"C→U","CUU→UUU","L→F","matKeU757LF",NA,"Other"
"21","matK",21,"1/1",802,268,1,"U→C","UUC→CUC","F→L","matKeC802FL",NA,"Other"
"22","matK",22,"1/1",868,290,1,"U→C","UCU→CCU","S→P","matKeC868SP",NA,"Other"
"23","matK",23,"1/1",919,307,1,"C→U","CAU→UAU","H→Y","matKeU919HY",NA,"Other"
"24","matK",24,"1/1",935,312,2,"C→U","UCU→UUU","S→F","matKeU935SF",NA,"Other"
"25","matK",25,"1/1",1022,341,2,"C→U","UCA→UUA","S→L","matKeU1022SL",NA,"Other"
"26","matK",26,"1/1",1070,357,2,"C→U","GCU→GUU","A→V","matKeU1070AV",NA,"Other"
"27","matK",27,"1/1",1243,415,1,"C→U","CAC→UAC","H→Y","matKeU1243HY",NA,"Other"
"28","matK",28,"1/1",1297,433,1,"U→C","UUU→CUU","F→L","matKeC1297FL",NA,"Other"
"29","matK",29,"1/1",1372,458,1,"U→C","UUU→CUU","F→L","matKeC1372FL",NA,"Other"
"30","matK",30,"1/1",1387,463,1,"U→C","UUU→CUU","F→L","matKeC1387FL",NA,"Other"
"31","matK",31,"1/1",1408,470,1,"U→C","UUU→CUU","F→L","matKeC1408FL",NA,"Other"
"32","rps16",1,"1/1",40,14,1,"U→C","UGA→CGA","*→R","rps16eC40*R",NA,"Ribosomal"
"33","rps16",2,"1/1",128,43,2,"U→C","AUU→ACU","I→T","rps16eC128IT",NA,"Ribosomal"
"34","rps16",3,"1/1",151,51,1,"C→U","CCC→UCC","P→S","rps16eU151PS",NA,"Ribosomal"
"35","rps16",4,"1/1",200,67,2,"U→C","GUU→GCU","V→A","rps16eC200VA",NA,"Ribosomal"
"36","rps16",5,"1/1",212,71,2,"U→C","UUA→UCA","L→S","rps16eC212LS",NA,"Ribosomal"
"37","psbK",2,"1/1",142,48,1,"U→C","UUU→CUU","F→L","psbKeC142FL",NA,"Photosystem"
"38","psbK",1,"1/1",136,46,1,"C→U","CUC→UUC","L→F","psbKeU136LF",NA,"Photosystem"
"39","atpA",1,"1/1",127,43,1,"C→U","CAC→UAC","H→Y","atpAeU127HY",NA,"ATP"
"40","atpA",2,"1/1",637,213,1,"U→C","UUC→CUC","F→L","atpAeC637FL",NA,"ATP"
"41","atpA",3,"1/1",914,305,2,"C→U","UCA→UUA","S→L","atpAeU914SL",NA,"ATP"
"42","atpA",4,"1/1",1148,383,2,"C→U","UCA→UUA","S→L","atpAeU1148SL",NA,"ATP"
"43","atpA",5,"1/1",1444,482,1,"U→C","UUC→CUC","F→L","atpAeC1444FL",NA,"ATP"
"44","atpA",6,"1/1",1465,489,1,"C→U","CUU→UUU","L→F","atpAeU1465LF",NA,"ATP"
"45","atpF",1,"1/1",269,90,2,"U→C","AUG→ACG","M→T","atpFeC269MT",NA,"ATP"
"46","atpF",2,"1/1",350,117,2,"U→C","AUU→ACU","I→T","atpFeC350IT",NA,"ATP"
"47","atpF",1,"1/1",92,31,2,"C→U","CCA→CUA","P→L","atpFeU92PL",NA,"ATP"
"48","atpF",2,"1/1",112,38,1,"C→U","CUU→UUU","L→F","atpFeU112LF",NA,"ATP"
"49","atpI",1,"1/1",635,212,2,"C→U","UCA→UUA","S→L","atpIeU635SL",NA,"ATP"
"50","rps2",1,"1/1",134,45,2,"C→U","ACA→AUA","T→I","rps2eU134TI",NA,"Ribosomal"
"51","rps2",2,"1/1",248,83,2,"C→U","UCG→UUG","S→L","rps2eU248SL",NA,"Ribosomal"
"52","rps2",3,"1/1",325,109,1,"C→U","CCC→UCC","P→S","rps2eU325PS",NA,"Ribosomal"
"53","rps2",4,"1/1",388,130,1,"C→U","CUC→UUC","L→F","rps2eU388LF",NA,"Ribosomal"
"54","rps2",5,"1/1",706,236,1,"C→U","CCU→UCU","P→S","rps2eU706PS",NA,"Ribosomal"
"55","rpoC2",1,"1/1",668,223,2,"C→U","ACC→AUC","T→I","rpoC2eU668TI",NA,"RNA polymerase"
"56","rpoC2",2,"1/1",707,236,2,"C→U","ACG→AUG","T→M","rpoC2eU707TM",NA,"RNA polymerase"
"57","rpoC2",3,"1/1",712,238,1,"C→U","CCG→UCG","P→S","rpoC2eU712PS",NA,"RNA polymerase"
"58","rpoC2",4,"1/1",775,259,1,"C→U","CCG→UCG","P→S","rpoC2eU775PS",NA,"RNA polymerase"
"59","rpoC2",5,"1/1",829,277,1,"U→C","UUC→CUC","F→L","rpoC2eC829FL",NA,"RNA polymerase"
"60","rpoC2",6,"1/1",850,284,1,"C→U","CCA→UCA","P→S","rpoC2eU850PS",NA,"RNA polymerase"
"61","rpoC2",7,"1/1",1321,441,1,"C→U","CAU→UAU","H→Y","rpoC2eU1321HY",NA,"RNA polymerase"
"62","rpoC2",8,"1/1",1457,486,2,"U→C","UUC→UCC","F→S","rpoC2eC1457FS",NA,"RNA polymerase"
"63","rpoC2",9,"1/1",1543,515,1,"U→C","UUC→CUC","F→L","rpoC2eC1543FL",NA,"RNA polymerase"
"64","rpoC2",10,"1/1",1633,545,1,"U→C","UUU→CUU","F→L","rpoC2eC1633FL",NA,"RNA polymerase"
"65","rpoC2",11,"1/1",1666,556,1,"U→C","UUC→CUC","F→L","rpoC2eC1666FL",NA,"RNA polymerase"
"66","rpoC2",12,"1/1",1684,562,1,"C→U","CUC→UUC","L→F","rpoC2eU1684LF",NA,"RNA polymerase"
"67","rpoC2",13,"1/1",1748,583,2,"U→C","UUG→UCG","L→S","rpoC2eC1748LS",NA,"RNA polymerase"
"68","rpoC2",14,"1/1",1777,593,1,"U→C","UCA→CCA","S→P","rpoC2eC1777SP",NA,"RNA polymerase"
"69","rpoC2",15,"1/1",1837,613,1,"C→U","CUU→UUU","L→F","rpoC2eU1837LF",NA,"RNA polymerase"
"70","rpoC2",16,"1/1",2026,676,1,"U→C","UCC→CCC","S→P","rpoC2eC2026SP",NA,"RNA polymerase"
"71","rpoC2",17,"1/1",2096,699,2,"C→U","ACA→AUA","T→I","rpoC2eU2096TI",NA,"RNA polymerase"
"72","rpoC2",18,"1/1",2396,799,2,"C→U","CCG→CUG","P→L","rpoC2eU2396PL",NA,"RNA polymerase"
"73","rpoC2",19,"1/1",2551,851,1,"U→C","UGU→CGU","C→R","rpoC2eC2551CR",NA,"RNA polymerase"
"74","rpoC2",20,"1/1",2558,853,2,"C→U","UCC→UUC","S→F","rpoC2eU2558SF",NA,"RNA polymerase"
"75","rpoC2",21,"1/1",2630,877,2,"U→C","UUU→UCU","F→S","rpoC2eC2630FS",NA,"RNA polymerase"
"76","rpoC2",22,"1/1",2653,885,1,"C→U","CCG→UCG","P→S","rpoC2eU2653PS",NA,"RNA polymerase"
"77","rpoC2",23,"1/1",2656,886,1,"U→C","UCA→CCA","S→P","rpoC2eC2656SP",NA,"RNA polymerase"
"78","rpoC2",24,"1/1",2710,904,1,"U→C","UCC→CCC","S→P","rpoC2eC2710SP",NA,"RNA polymerase"
"79","rpoC2",25,"1/1",2737,913,1,"U→C","UUU→CUU","F→L","rpoC2eC2737FL",NA,"RNA polymerase"
"80","rpoC2",26,"1/1",2765,922,2,"C→U","ACG→AUG","T→M","rpoC2eU2765TM",NA,"RNA polymerase"
"81","rpoC2",27,"1/1",2767,923,1,"C→U","CUC→UUC","L→F","rpoC2eU2767LF",NA,"RNA polymerase"
"82","rpoC2",28,"1/1",2854,952,1,"U→C","UAU→CAU","Y→H","rpoC2eC2854YH",NA,"RNA polymerase"
"83","rpoC2",29,"1/1",2912,971,2,"U→C","UUA→UCA","L→S","rpoC2eC2912LS",NA,"RNA polymerase"
"84","rpoC2",30,"1/1",2915,972,2,"U→C","UUG→UCG","L→S","rpoC2eC2915LS",NA,"RNA polymerase"
"85","rpoC2",31,"1/1",2977,993,1,"C→U","CAU→UAU","H→Y","rpoC2eU2977HY",NA,"RNA polymerase"
"86","rpoC2",32,"1/1",2987,996,2,"C→U","ACC→AUC","T→I","rpoC2eU2987TI",NA,"RNA polymerase"
"87","rpoC2",33,"1/1",3029,1010,2,"C→U","ACU→AUU","T→I","rpoC2eU3029TI",NA,"RNA polymerase"
"88","rpoC2",34,"1/1",3082,1028,1,"U→C","UUC→CUC","F→L","rpoC2eC3082FL",NA,"RNA polymerase"
"89","rpoC2",35,"1/1",3137,1046,2,"C→U","CCC→CUC","P→L","rpoC2eU3137PL",NA,"RNA polymerase"
"90","rpoC2",36,"1/1",3259,1087,1,"U→C","UUU→CUU","F→L","rpoC2eC3259FL",NA,"RNA polymerase"
"91","rpoC2",37,"1/1",3281,1094,2,"U→C","GUA→GCA","V→A","rpoC2eC3281VA",NA,"RNA polymerase"
"92","rpoC2",38,"1/1",4042,1348,1,"U→C","UUC→CUC","F→L","rpoC2eC4042FL",NA,"RNA polymerase"
"93","rpoC2",39,"1/1",4069,1357,1,"U→C","UUC→CUC","F→L","rpoC2eC4069FL",NA,"RNA polymerase"
"94","rpoC2",40,"1/1",4075,1359,1,"C→U","CAC→UAC","H→Y","rpoC2eU4075H",NA,"RNA polymerase"
"95","rpoC2",1,"1/1",488,163,2,"C→U","UCA→UUA","S→L","rpoC1eU488SL",NA,"RNA polymerase"
"96","rpoC2",2,"1/1",557,186,2,"C→U","ACA→AUA","T→I","rpoC1eU557TI",NA,"RNA polymerase"
"97","rpoC2",3,"1/1",680,227,2,"U→C","CUC→CCC","L→P","rpoC1eC680LP",NA,"RNA polymerase"
"98","rpoC2",4,"1/1",1261,421,1,"C→U","CCG→UCG","P→S","rpoC1eU1261PS",NA,"RNA polymerase"
"99","rpoC2",5,"1/1",1831,611,1,"U→C","UGC→CGC","C→R","rpoC1eC1831CR",NA,"RNA polymerase"
"100","rpoC2",6,"1/1",1853,618,2,"C→U","GCU→GUU","A→V","rpoC1eU1853AV",NA,"RNA polymerase"
"101","rpoC2",7,"1/1",1942,648,1,"C→U","CUU→UUU","L→F","rpoC1eU1942LF",NA,"RNA polymerase"
"102","rpoC2",8,"1/1",1981,661,1,"C→U","CUU→UUU","L→F","rpoC1eU1981LF",NA,"RNA polymerase"
"103","rpoC2",9,"1/1",2041,681,1,"C→U","CAA→UAA","Q→*","rpoC1eU2041Q*",NA,"RNA polymerase"
"104","rpoC2",1,"1/1",41,14,2,"C→U","UCA→UUA","S→L","rpoC1eU41SL",NA,"RNA polymerase"
"105","rpoC2",2,"1/1",98,33,2,"C→U","ACC→AUC","T→I","rpoC1eU98TI",NA,"RNA polymerase"
"106","rpoB",1,"1/1",26,9,2,"U→C","AUG→ACG","M→T","rpoBeC26MT",NA,"RNA polymerase"
"107","rpoB",2,"1/1",95,32,2,"C→U","ACA→AUA","T→I","rpoBeU95TI",NA,"RNA polymerase"
"108","rpoB",3,"1/1",131,44,2,"C→U","ACA→AUA","T→I","rpoBeU131TI",NA,"RNA polymerase"
"109","rpoB",4,"1/1",338,113,2,"C→U","UCU→UUU","S→F","rpoBeU338SF",NA,"RNA polymerase"
"110","rpoB",5,"1/1",551,184,2,"C→U","UCA→UUA","S→L","rpoBeU551SL",NA,"RNA polymerase"
"111","rpoB",6,"1/1",566,189,2,"C→U","UCG→UUG","S→L","rpoBeU566SL",NA,"RNA polymerase"
"112","rpoB",7,"1/1",836,279,2,"C→U","ACA→AUA","T→I","rpoBeU836TI",NA,"RNA polymerase"
"113","rpoB",8,"1/1",973,325,1,"U→C","UUC→CUC","F→L","rpoBeC973FL",NA,"RNA polymerase"
"114","rpoB",9,"1/1",1493,498,2,"U→C","GUU→GCU","V→A","rpoBeC1493VA",NA,"RNA polymerase"
"115","rpoB",10,"1/1",2032,678,1,"C→U","CGU→UGU","R→C","rpoBeU2032RC",NA,"RNA polymerase"
"116","rpoB",11,"1/1",2414,805,2,"C→U","ACA→AUA","T→I","rpoBeU2414TI",NA,"RNA polymerase"
"117","rpoB",12,"1/1",2432,811,2,"C→U","UCA→UUA","S→L","rpoBeU2432SL",NA,"RNA polymerase"
"118","rpoB",13,"1/1",3215,1072,2,"C→U","GCU→GUU","A→V","rpoBeU3215AV",NA,"RNA polymerase"
"119","psbZ",1,"1/1",50,17,2,"C→U","UCA→UUA","S→L","psbZeU50SL",NA,"Photosystem"
"120","psbZ",2,"1/1",101,34,2,"U→C","UUG→UCG","L→S","psbZeC101LS",NA,"Photosystem"
"121","psaB",1,"1/1",329,110,2,"C→U","CCU→CUU","P→L","psaBeU329PL",NA,"Photosystem"
"122","psaB",2,"1/1",673,225,1,"U→C","UUU→CUU","F→L","psaBeC673FL",NA,"Photosystem"
"123","psaA",1,"1/1",1481,494,2,"C→U","GCA→GUA","A→V","psaAeU1481AV",NA,"Photosystem"
"124","psaA",2,"1/1",2008,670,1,"C→U","CUU→UUU","L→F","psaAeU2008LF",NA,"Photosystem"
"125","psaA",1,"1/1",112,38,1,"C→U","CCC→UCC","P→S","rps4eU112PS",NA,"Photosystem"
"126","psaA",2,"1/1",305,102,2,"C→U","UCG→UUG","S→L","rps4eU305SL",NA,"Photosystem"
"127","psaA",3,"1/1",365,122,2,"C→U","ACA→AUA","T→I","rps4eU365TI",NA,"Photosystem"
"128","psaA",4,"1/1",413,138,2,"C→U","GCG→GUG","A→V","rps4eU413AV",NA,"Photosystem"
"129","ndhJ",1,"1/1",29,10,2,"U→C","GUC→GCC","V→A","ndhJeC29VA",NA,"NDH"
"130","ndhJ",2,"1/1",472,158,1,"C→U","CAU→UAU","H→Y","ndhJeU472HY",NA,"NDH"
"131","mdhK",1,"1/1",484,162,1,"C→U","CAU→UAU","H→Y","ndhKeU484HY",NA,"Other"
"132","mdhK",2,"1/1",502,168,1,"U→C","UCU→CCU","S→P","ndhKeC502SP",NA,"Other"
"133","mdhK",3,"1/1",566,189,2,"C→U","ACU→AUU","T→I","ndhKeU566TI",NA,"Other"
"134","mdhK",4,"1/1",601,201,1,"C→U","CCA→UCA","P→S","ndhKeU601PS",NA,"Other"
"135","mdhK",5,"1/1",619,207,1,"C→U","CCU→UCU","P→S","ndhKeU619PS",NA,"Other"
"136","mdhK",6,"1/1",649,217,1,"U→C","UCA→CCA","S→P","ndhKeC649SP",NA,"Other"
"137","ndhC",1,"1/1",274,92,1,"C→U","CCC→UCC","P→S","ndhCeU274PS",NA,"NDH"
"138","ndhC",2,"1/1",278,93,2,"U→C","GUA→GCA","V→A","ndhCeC278VA",NA,"NDH"
"139","ndhC",3,"1/1",323,108,2,"C→U","UCA→UUA","S→L","ndhCeU323SL",NA,"NDH"
"140","atpB",1,"1/1",8,3,2,"U→C","AUA→ACA","I→T","atpBeC8IT",NA,"ATP"
"141","atpB",2,"1/1",281,94,2,"C→U","ACG→AUG","T→M","atpBeU281TM",NA,"ATP"
"142","atpB",3,"1/1",403,135,1,"C→U","CCU→UCU","P→S","atpBeU403PS",NA,"ATP"
"143","rbcL",1,"1/1",29,10,2,"U→C","UUU→UCU","F→S","rbcLeC29FS",NA,"Other"
"144","rbcL",2,"1/1",434,145,2,"U→C","AUU→ACU","I→T","rbcLeC434IT",NA,"Other"
"145","rbcL",3,"1/1",785,262,2,"C→U","GCU→GUU","A→V","rbcLeU785AV",NA,"Other"
"146","accD",1,"1/1",82,28,1,"C→U","CUU→UUU","L→F","accDeU82LF",NA,"Acetyl-CoA"
"147","accD",2,"1/1",134,45,2,"C→U","ACG→AUG","T→M","accDeU134TM",NA,"Acetyl-CoA"
"148","accD",3,"1/1",148,50,1,"C→U","CAU→UAU","H→Y","accDeU148HY",NA,"Acetyl-CoA"
"149","accD",4,"1/1",410,137,2,"C→U","CCC→CUC","P→L","accDeU410PL",NA,"Acetyl-CoA"
"150","accD",5,"1/2",421,141,1,"U→C","UUU→CCU","F→P","accDeCC421FP",NA,"Acetyl-CoA"
"151","accD",5,"2/2",422,141,2,"U→C","UUU→CCU","F→P","accDeCC421FP",NA,"Acetyl-CoA"
"152","accD",6,"1/1",484,162,1,"C→U","CUU→UUU","L→F","accDeU484LF",NA,"Acetyl-CoA"
"153","accD",7,"1/1",536,179,2,"C→U","UCC→UUC","S→F","accDeU536SF",NA,"Acetyl-CoA"
"154","accD",8,"1/1",638,213,2,"C→U","ACU→AUU","T→I","accDeU638TI",NA,"Acetyl-CoA"
"155","accD",9,"1/1",652,218,1,"C→U","CUC→UUC","L→F","accDeU652LF",NA,"Acetyl-CoA"
"156","accD",10,"1/1",754,252,1,"U→C","UAU→CAU","Y→H","accDeC754YH",NA,"Acetyl-CoA"
"157","accD",11,"1/1",757,253,1,"C→U","CAU→UAU","H→Y","accDeU757HY",NA,"Acetyl-CoA"
"158","accD",12,"1/1",794,265,2,"C→U","UCG→UUG","S→L","accDeU794SL",NA,"Acetyl-CoA"
"159","accD",13,"1/1",1154,385,2,"C→U","GCU→GUU","A→V","accDeU1154AV",NA,"Acetyl-CoA"
"160","accD",14,"1/1",1363,455,1,"U→C","UUC→CUC","F→L","accDeC1363FL",NA,"Acetyl-CoA"
"161","accD",15,"1/1",1378,460,1,"U→C","UUC→CUC","F→L","accDeC1378FL",NA,"Acetyl-CoA"
"162","accD",16,"1/1",1403,468,2,"C→U","CCU→CUU","P→L","accDeU1403",NA,"Acetyl-CoA"
"163","psaI",1,"1/1",19,7,1,"U→C","UUU→CUU","F→L","psaIeC19FL",NA,"Photosystem"
"164","psaI",2,"1/1",83,28,2,"C→U","UCU→UUU","S→F","psaIeU83SF",NA,"Photosystem"
"165","psaI",3,"1/1",88,30,1,"U→C","UAU→CAU","Y→H","psaIeC88YH",NA,"Photosystem"
"166","ycf4",1,"1/1",88,30,1,"U→C","UUU→CUU","F→L","ycf4eC88FL",NA,"Other"
"167","ycf4",2,"1/1",253,85,1,"U→C","UUU→CUU","F→L","ycf4eC253FL",NA,"Other"
"168","ycf4",3,"1/1",307,103,1,"U→C","UGU→CGU","C→R","ycf4eC307CR",NA,"Other"
"169","ycf4",4,"1/1",361,121,1,"C→U","CUU→UUU","L→F","ycf4eU361LF",NA,"Other"
"170","ycf4",5,"1/1",464,155,2,"C→U","ACU→AUU","T→I","ycf4eU464TI",NA,"Other"
"171","cemA",1,"1/1",23,8,2,"C→U","ACU→AUU","T→I","cemAeU23TI",NA,"Other"
"172","cemA",2,"1/1",28,10,1,"C→U","CUU→UUU","L→F","cemAeU28LF",NA,"Other"
"173","cemA",3,"1/1",37,13,1,"C→U","CUU→UUU","L→F","cemAeU37LF",NA,"Other"
"174","cemA",4,"1/1",250,84,1,"C→U","CUU→UUU","L→F","cemAeU250LF",NA,"Other"
"175","petA",1,"1/1",698,233,2,"U→C","UUG→UCG","L→S","petAeC698LS",NA,"Other"
"176","petA",2,"1/1",737,246,2,"C→U","CCA→CUA","P→L","petAeU737PL",NA,"Other"
"177","petA",3,"1/1",892,298,1,"U→C","UUU→CUU","F→L","petAeC892FL",NA,"Other"
"178","psbJ",1,"1/1",59,20,2,"C→U","CCU→CUU","P→L","psbJeU59PL",NA,"Photosystem"
"179","psbF",1,"1/1",77,26,2,"C→U","UCU→UUU","S→F","psbFeU77SF",NA,"Photosystem"
"180","petL",1,"1/1",5,2,2,"C→U","CCU→CUU","P→L","petLeU5PL",NA,"Other"
"181","petL",2,"1/1",59,20,2,"C→U","GCU→GUU","A→V","petLeU59AV",NA,"Other"
"182","petG",1,"1/1",109,37,1,"C→U","CUU→UUU","L→F","petGeU109LF",NA,"Other"
"183","psaJ",1,"1/1",94,32,1,"U→C","UUC→CUC","F→L","psaJeC94FL",NA,"Photosystem"
"184","rps18",1,"1/1",221,74,2,"C→U","UCG→UUG","S→L","rps18eU221SL",NA,"Ribosomal"
"185","rpl20",1,"1/1",224,75,2,"C→U","UCC→UUC","S→F","rpl20eU224SF",NA,"Ribosomal"
"186","rpl20",2,"1/1",308,103,2,"C→U","UCA→UUA","S→L","rpl20eU308SL",NA,"Ribosomal"
"187","rpl20",3,"1/1",329,110,2,"U→C","AUG→ACG","M→T","rpl20eC329MT",NA,"Ribosomal"
"188","rps12",1,"1/1",221,74,2,"C→U","UCA→UUA","S→L","rps12eU221SL",NA,"Ribosomal"
"189","clpP",1,"1/1",97,33,1,"C→U","CUU→UUU","L→F","clpPeU97LF",NA,"Other"
"190","clpP",2,"1/1",226,76,1,"C→U","CCU→UCU","P→S","clpPeU226PS",NA,"Other"
"191","clpP",3,"1/1",323,108,2,"C→U","GCC→GUC","A→V","clpPeU323AV",NA,"Other"
"192","clpP",1,"1/1",559,187,1,"C→U","CAU→UAU","H→Y","clpPeU559HY",NA,"Other"
"193","psbB",1,"1/1",1520,507,2,"U→C","GUA→GCA","V→A","psbBeC1520VA",NA,"Photosystem"
"194","psbT",1,"1/1",88,30,1,"C→U","CCA→UCA","P→S","psbTeU88PS",NA,"Photosystem"
"195","psbN",1,"1/1",29,10,2,"C→U","UCU→UUU","S→F","psbNeU29SF",NA,"Photosystem"
"196","psbH",1,"1/1",64,22,1,"U→C","UUU→CUU","F→L","psbHeC64FL",NA,"Photosystem"
"197","petD",1,"1/1",416,139,2,"U→C","GUG→GCG","V→A","petDeC416VA",NA,"Other"
"198","rpoA",1,"1/1",200,67,2,"C→U","UCU→UUU","S→F","rpoAeU200SF",NA,"RNA polymerase"
"199","rpoA",2,"1/1",233,78,2,"U→C","GUA→GCA","V→A","rpoAeC233VA",NA,"RNA polymerase"
"200","rpoA",3,"1/1",319,107,1,"U→C","UUU→CUU","F→L","rpoAeC319FL",NA,"RNA polymerase"
"201","rpoA",4,"1/1",329,110,2,"C→U","GCC→GUC","A→V","rpoAeU329AV",NA,"RNA polymerase"
"202","rpoA",5,"1/1",482,161,2,"C→U","ACG→AUG","T→M","rpoAeU482TM",NA,"RNA polymerase"
"203","rpoA",6,"1/1",484,162,1,"C→U","CCA→UCA","P→S","rpoAeU484PS",NA,"RNA polymerase"
"204","rpoA",7,"1/1",695,232,2,"C→U","GCG→GUG","A→V","rpoAeU695AV",NA,"RNA polymerase"
"205","rpoA",8,"1/1",712,238,1,"C→U","CAU→UAU","H→Y","rpoAeU712HY",NA,"RNA polymerase"
"206","rpoA",9,"1/1",773,258,2,"C→U","GCU→GUU","A→V","rpoAeU773AV",NA,"RNA polymerase"
"207","rpoA",10,"1/1",836,279,2,"C→U","UCA→UUA","S→L","rpoAeU836SL",NA,"RNA polymerase"
"208","rpoA",11,"1/1",893,298,2,"C→U","UCA→UUA","S→L","rpoAeU893SL",NA,"RNA polymerase"
"209","rps11",1,"1/1",17,6,2,"C→U","CCA→CUA","P→L","rps11eU17PL",NA,"Ribosomal"
"210","rps11",2,"1/1",65,22,2,"C→U","GCA→GUA","A→V","rps11eU65AV",NA,"Ribosomal"
"211","rps8",1,"1/1",214,72,1,"C→U","CCA→UCA","P→S","rps8eU214PS",NA,"Ribosomal"
"212","rps8",2,"1/1",217,73,1,"C→U","CAU→UAU","H→Y","rps8eU217HY",NA,"Ribosomal"
"213","rpl1",1,"1/1",19,7,1,"C→U","CAU→UAU","H→Y","rpl14eU19HY",NA,"Ribosomal"
"214","rpl1",2,"1/1",224,75,2,"U→C","AUG→ACG","M→T","rpl14eC224MT",NA,"Ribosomal"
"215","rpl22",1,"1/1",25,9,1,"C→U","CCA→UCA","P→S","rpl22eU25PS",NA,"Ribosomal"
"216","rpl22",2,"1/1",55,19,1,"C→U","CAU→UAU","H→Y","rpl22eU55HY",NA,"Ribosomal"
"217","rpl22",3,"1/1",314,105,2,"U→C","CUG→CCG","L→P","rpl22eC314LP",NA,"Ribosomal"
"218","rpl22",4,"1/1",325,109,1,"C→U","CCC→UCC","P→S","rpl22eU325PS",NA,"Ribosomal"
"219","rpl22",5,"1/1",347,116,2,"C→U","GCA→GUA","A→V","rpl22eU347AV",NA,"Ribosomal"
"220","rpl22",6,"1/1",427,143,1,"U→C","UGA→CGA","*→R","rpl22eC427*R",NA,"Ribosomal"
"221","rpl22",7,"1/1",449,150,2,"U→C","AUA→ACA","I→T","rpl22eC449IT",NA,"Ribosomal"
"222","rpl12",1,"1/1",301,101,1,"C→U","CAU→UAU","H→Y","rpl2eU301HY",NA,"Ribosomal"
"223","rpl12",2,"1/2",361,121,1,"U→C","UUG→CCG","L→P","rpl2eCC361LP","X","Ribosomal"
"224","rpl12",2,"2/2",362,121,2,"U→C","UUG→CCG","L→P","rpl2eCC361LP",NA,"Ribosomal"
"225","rpl12",3,"1/2",382,128,1,"U→C","UCU→CUU","S→L","rpl2eCU382SL",NA,"Ribosomal"
"226","rpl12",3,"2/2",383,128,2,"C→U","UCU→CUU","S→L","rpl2eCU382SL",NA,"Ribosomal"
"227","rpl12",4,"1/1",389,130,2,"C→U","UCA→UUA","S→L","rpl2eU389SL",NA,"Ribosomal"
"228","rpl12",5,"1/1",734,245,2,"C→U","GCA→GUA","A→V","rpl2eU734AV",NA,"Ribosomal"
"229","rpl123",1,"1/1",71,24,2,"C→U","UCU→UUU","S→F","rpl23eU71SF",NA,"Ribosomal"
"230","rpl123",2,"1/1",89,30,2,"C→U","UCA→UUA","S→L","rpl23eU89SL",NA,"Ribosomal"
"231","ycf2",1,"1/1",188,63,2,"C→U","UCA→UUA","S→L","ycf2eU188SL",NA,"Other"
"232","ycf2",2,"1/1",260,87,2,"U→C","GUC→GCC","V→A","ycf2eC260VA",NA,"Other"
"233","ycf2",3,"1/1",368,123,2,"U→C","UUG→UCG","L→S","ycf2eC368LS",NA,"Other"
"234","ycf2",4,"1/1",526,176,1,"C→U","CGG→UGG","R→W","ycf2eU526RW",NA,"Other"
"235","ycf2",5,"1/1",572,191,2,"C→U","UCU→UUU","S→F","ycf2eU572SF",NA,"Other"
"236","ycf2",6,"1/1",676,226,1,"U→C","UCG→CCG","S→P","ycf2eC676SP",NA,"Other"
"237","ycf2",7,"1/1",1199,400,2,"C→U","UCC→UUC","S→F","ycf2eU1199SF",NA,"Other"
"238","ycf2",8,"1/1",1387,463,1,"U→C","UCC→CCC","S→P","ycf2eC1387SP",NA,"Other"
"239","ycf2",9,"1/1",1688,563,2,"C→U","CCG→CUG","P→L","ycf2eU1688PL",NA,"Other"
"240","ycf2",10,"1/1",1970,657,2,"C→U","UCC→UUC","S→F","ycf2eU1970SF",NA,"Other"
"241","ycf2",11,"1/1",2000,667,2,"C→U","UCG→UUG","S→L","ycf2eU2000SL",NA,"Other"
"242","ycf2",12,"1/1",2245,749,1,"U→C","UCC→CCC","S→P","ycf2eC2245SP",NA,"Other"
"243","ycf2",13,"1/1",2536,846,1,"C→U","CGU→UGU","R→C","ycf2eU2536RC",NA,"Other"
"244","ycf2",14,"1/1",2872,958,1,"C→U","CCG→UCG","P→S","ycf2eU2872PS",NA,"Other"
"245","ycf2",15,"1/1",3242,1081,2,"U→C","AUA→ACA","I→T","ycf2eC3242IT",NA,"Other"
"246","ycf2",16,"1/1",3251,1084,2,"U→C","UUG→UCG","L→S","ycf2eC3251LS",NA,"Other"
"247","ycf2",17,"1/1",3307,1103,1,"C→U","CCA→UCA","P→S","ycf2eU3307PS",NA,"Other"
"248","ycf2",18,"1/1",3470,1157,2,"C→U","ACA→AUA","T→I","ycf2eU3470TI",NA,"Other"
"249","ycf2",19,"1/1",3530,1177,2,"C→U","CCA→CUA","P→L","ycf2eU3530PL",NA,"Other"
"250","ycf2",20,"1/1",3721,1241,1,"C→U","CGG→UGG","R→W","ycf2eU3721RW",NA,"Other"
"251","ycf2",21,"1/1",3754,1252,1,"C→U","CUU→UUU","L→F","ycf2eU3754LF",NA,"Other"
"252","ycf2",22,"1/1",3875,1292,2,"C→U","UCA→UUA","S→L","ycf2eU3875SL",NA,"Other"
"253","ycf2",23,"1/1",3922,1308,1,"U→C","UGG→CGG","W→R","ycf2eC3922WR",NA,"Other"
"254","ycf2",24,"1/1",3964,1322,1,"U→C","UUU→CUU","F→L","ycf2eC3964FL",NA,"Other"
"255","ycf2",25,"1/1",4006,1336,1,"C→U","CCA→UCA","P→S","ycf2eU4006PS",NA,"Other"
"256","ycf2",26,"1/1",4126,1376,1,"C→U","CAU→UAU","H→Y","ycf2eU4126HY",NA,"Other"
"257","ycf2",27,"1/1",4390,1464,1,"C→U","CUC→UUC","L→F","ycf2eU4390LF",NA,"Other"
"258","ycf2",28,"1/1",4445,1482,2,"U→C","AUU→ACU","I→T","ycf2eC4445IT",NA,"Other"
"259","ycf2",29,"1/1",5045,1682,2,"U→C","CUU→CCU","L→P","ycf2eC5045LP",NA,"Other"
"260","ycf2",30,"1/1",5056,1686,1,"C→U","CUU→UUU","L→F","ycf2eU5056LF",NA,"Other"
"261","ycf2",31,"1/1",5180,1727,2,"C→U","UCG→UUG","S→L","ycf2eU5180SL",NA,"Other"
"262","ycf2",32,"1/1",5699,1900,2,"U→C","UUG→UCG","L→S","ycf2eC5699LS",NA,"Other"
"263","ycf2",33,"1/1",5747,1916,2,"U→C","GUA→GCA","V→A","ycf2eC5747VA",NA,"Other"
"264","ycf2",34,"1/1",6100,2034,1,"C→U","CUU→UUU","L→F","ycf2eU6100LF",NA,"Other"
"265","ycf2",35,"1/1",6292,2098,1,"U→C","UGG→CGG","W→R","ycf2eC6292WR",NA,"Other"
"266","ycf2",36,"1/1",6856,2286,1,"C→U","CCG→UCG","P→S","ycf2eU6856PS",NA,"Other"
"267","ndhB",1,"1/1",149,50,2,"C→U","UCA→UUA","S→L","ndhBeU149SL",NA,"NDH"
"268","ndhB",2,"1/1",467,156,2,"C→U","CCA→CUA","P→L","ndhBeU467PL",NA,"NDH"
"269","ndhB",3,"1/1",542,181,2,"C→U","ACG→AUG","T→M","ndhBeU542TM",NA,"NDH"
"270","ndhB",4,"1/1",586,196,1,"C→U","CAU→UAU","H→Y","ndhBeU586HY",NA,"NDH"
"271","ndhB",5,"1/1",737,246,2,"C→U","CCA→CUA","P→L","ndhBeU737PL",NA,"NDH"
"272","ndhB",6,"1/1",746,249,2,"C→U","UCU→UUU","S→F","ndhBeU746SF",NA,"NDH"
"273","ndhB",1,"1/1",830,277,2,"C→U","UCG→UUG","S→L","ndhBeU830SL",NA,"NDH"
"274","ndhB",2,"1/1",836,279,2,"C→U","UCA→UUA","S→L","ndhBeU836SL",NA,"NDH"
"275","ndhB",3,"1/1",872,291,2,"C→U","UCA→UUA","S→L","ndhBeU872SL",NA,"NDH"
"276","ndhB",4,"1/1",1255,419,1,"C→U","CAU→UAU","H→Y","ndhBeU1255HY",NA,"NDH"
"277","ndhB",5,"1/1",1481,494,2,"C→U","CCA→CUA","P→L","ndhBeU1481PL",NA,"NDH"
"278","ndhF",1,"1/1",92,31,2,"U→C","AUG→ACG","M→T","ndhFeC92MT",NA,"NDH"
"279","ndhF",2,"1/1",128,43,2,"C→U","CCC→CUC","P→L","ndhFeU128PL",NA,"NDH"
"280","ndhF",3,"1/1",205,69,1,"U→C","UAU→CAU","Y→H","ndhFeC205YH",NA,"NDH"
"281","ndhF",4,"1/1",271,91,1,"U→C","UCA→CCA","S→P","ndhFeC271SP",NA,"NDH"
"282","ndhF",5,"1/1",290,97,2,"C→U","UCA→UUA","S→L","ndhFeU290SL",NA,"NDH"
"283","ndhF",6,"1/1",316,106,1,"U→C","UUU→CUU","F→L","ndhFeC316FL",NA,"NDH"
"284","ndhF",7,"1/1",586,196,1,"U→C","UUU→CUU","F→L","ndhFeC586FL",NA,"NDH"
"285","ndhF",8,"1/1",667,223,1,"U→C","UUU→CUU","F→L","ndhFeC667FL",NA,"NDH"
"286","ndhF",9,"1/1",692,231,2,"C→U","UCU→UUU","S→F","ndhFeU692SF",NA,"NDH"
"287","ndhF",10,"1/1",704,235,2,"C→U","GCC→GUC","A→V","ndhFeU704AV",NA,"NDH"
"288","ndhF",11,"1/1",1147,383,1,"U→C","UUU→CUU","F→L","ndhFeC1147FL",NA,"NDH"
"289","ndhF",12,"1/1",1187,396,2,"U→C","AUU→ACU","I→T","ndhFeC1187IT",NA,"NDH"
"290","ndhF",13,"1/1",1379,460,2,"U→C","AUU→ACU","I→T","ndhFeC1379IT",NA,"NDH"
"291","ndhF",14,"1/1",1381,461,1,"C→U","CAU→UAU","H→Y","ndhFeU1381HY",NA,"NDH"
"292","ndhF",15,"1/1",1570,524,1,"C→U","CUU→UUU","L→F","ndhFeU1570LF",NA,"NDH"
"293","ndhF",16,"1/1",1841,614,2,"C→U","UCU→UUU","S→F","ndhFeU1841SF",NA,"NDH"
"294","ndhF",17,"1/1",1856,619,2,"C→U","ACA→AUA","T→I","ndhFeU1856TI",NA,"NDH"
"295","ndhF",18,"1/1",1933,645,1,"C→U","CCU→UCU","P→S","ndhFeU1933PS",NA,"NDH"
"296","ndhF",19,"1/1",2018,673,2,"U→C","AUA→ACA","I→T","ndhFeC2018IT",NA,"NDH"
"297","ndhF",20,"1/1",2027,676,2,"C→U","ACA→AUA","T→I","ndhFeU2027TI",NA,"NDH"
"298","ndhF",21,"1/1",2135,712,2,"U→C","AUA→ACA","I→T","ndhFeC2135IT",NA,"NDH"
"299","ndhF",22,"1/1",2165,722,2,"U→C","UUU→UCU","F→S","ndhFeC2165FS",NA,"NDH"
"300","ndhF",23,"1/1",2186,729,2,"U→C","UUU→UCU","F→S","ndhFeC2186FS",NA,"NDH"
"301","rpl3",1,"1/1",29,10,2,"C→U","ACA→AUA","T→I","rpl32eU29TI",NA,"Ribosomal"
"302","ccsA",1,"1/1",14,5,2,"C→U","ACU→AUU","T→I","ccsAeU14TI",NA,"Cytochrome"
"303","ccsA",2,"1/1",73,25,1,"C→U","CAU→UAU","H→Y","ccsAeU73HY",NA,"Cytochrome"
"304","ccsA",3,"1/1",88,30,1,"U→C","UUC→CUC","F→L","ccsAeC88FL",NA,"Cytochrome"
"305","ccsA",4,"1/1",326,109,2,"C→U","GCU→GUU","A→V","ccsAeU326AV",NA,"Cytochrome"
"306","ccsA",5,"1/1",335,112,2,"C→U","ACC→AUC","T→I","ccsAeU335TI",NA,"Cytochrome"
"307","ccsA",6,"1/1",392,131,2,"C→U","GCG→GUG","A→V","ccsAeU392AV",NA,"Cytochrome"
"308","ccsA",7,"1/1",512,171,2,"C→U","GCC→GUC","A→V","ccsAeU512AV",NA,"Cytochrome"
"309","ccsA",8,"1/1",521,174,2,"U→C","AUU→ACU","I→T","ccsAeC521IT",NA,"Cytochrome"
"310","ccsA",9,"1/1",566,189,2,"C→U","UCA→UUA","S→L","ccsAeU566SL",NA,"Cytochrome"
"311","ccsA",10,"1/1",629,210,2,"C→U","ACU→AUU","T→I","ccsAeU629TI",NA,"Cytochrome"
"312","ccsA",11,"1/2",637,213,1,"C→U","CUU→UCU","L→S","ccsAeUC637LS",NA,"Cytochrome"
"313","ccsA",11,"2/2",638,213,2,"U→C","CUU→UCU","L→S","ccsAeUC637LS",NA,"Cytochrome"
"314","ccsA",12,"1/1",641,214,2,"C→U","UCU→UUU","S→F","ccsAeU641SF",NA,"Cytochrome"
"315","ccsA",13,"1/1",671,224,2,"C→U","ACU→AUU","T→I","ccsAeU671TI",NA,"Cytochrome"
"316","ccsA",14,"1/1",848,283,2,"C→U","ACC→AUC","T→I","ccsAeU848TI",NA,"Cytochrome"
"317","ccsA",15,"1/2",895,299,1,"U→C","UCU→CUU","S→L","ccsAeCU895SL",NA,"Cytochrome"
"318","ccsA",15,"2/2",896,299,2,"C→U","UCU→CUU","S→L","ccsAeCU895SL",NA,"Cytochrome"
"319","ndhD",1,"1/1",2,1,2,"C→U","ACG→AUG","T→M","ndhDeU2TM",NA,"NDH"
"320","ndhD",2,"1/1",124,42,1,"U→C","UUC→CUC","F→L","ndhDeC124FL",NA,"NDH"
"321","ndhD",3,"1/1",383,128,2,"C→U","UCA→UUA","S→L","ndhDeU383SL",NA,"NDH"
"322","ndhD",4,"1/1",427,143,1,"U→C","UUC→CUC","F→L","ndhDeC427FL",NA,"NDH"
"323","ndhD",5,"1/1",589,197,1,"U→C","UUU→CUU","F→L","ndhDeC589FL",NA,"NDH"
"324","ndhD",6,"1/1",620,207,2,"C→U","GCC→GUC","A→V","ndhDeU620AV",NA,"NDH"
"325","ndhD",7,"1/1",674,225,2,"C→U","UCG→UUG","S→L","ndhDeU674SL",NA,"NDH"
"326","ndhD",8,"1/1",878,293,2,"C→U","UCA→UUA","S→L","ndhDeU878SL",NA,"NDH"
"327","ndhD",9,"1/1",1240,414,1,"C→U","CCA→UCA","P→S","ndhDeU1240PS",NA,"NDH"
"328","ndhD",10,"1/1",1256,419,2,"C→U","ACU→AUU","T→I","ndhDeU1256TI",NA,"NDH"
"329","ndhD",11,"1/1",1298,433,2,"C→U","UCA→UUA","S→L","ndhDeU1298SL",NA,"NDH"
"330","ndhD",12,"1/1",1310,437,2,"C→U","UCA→UUA","S→L","ndhDeU1310SL",NA,"NDH"
"331","ndhD",13,"1/1",1355,452,2,"C→U","UCU→UUU","S→F","ndhDeU1355SF",NA,"NDH"
"332","ndhD",14,"1/1",1405,469,1,"U→C","UUU→CUU","F→L","ndhDeC1405FL",NA,"NDH"
"333","ndhE",1,"1/2",43,15,1,"U→C","UCU→CUU","S→L","ndhEeCU43SL",NA,"NDH"
"334","ndhE",1,"2/2",44,15,2,"C→U","UCU→CUU","S→L","ndhEeCU43SL",NA,"NDH"
"335","ndhE",2,"1/1",233,78,2,"C→U","UCA→UUA","S→L","ndhEeU233SL",NA,"NDH"
"336","ndhE",1,"1/1",145,49,1,"U→C","UUC→CUC","F→L","ndhGeC145FL",NA,"NDH"
"337","ndhE",2,"1/1",329,110,2,"C→U","UCG→UUG","S→L","ndhGeU329SL",NA,"NDH"
"338","ndhE",3,"1/1",386,129,2,"C→U","UCA→UUA","S→L","ndhGeU386SL",NA,"NDH"
"339","ndhE",4,"1/1",472,158,1,"U→C","UUC→CUC","F→L","ndhGeC472FL",NA,"NDH"
"340","ndhI",1,"1/1",4,2,1,"U→C","UUC→CUC","F→L","ndhIeC4FL",NA,"NDH"
"341","ndhI",2,"1/1",253,85,1,"U→C","UUU→CUU","F→L","ndhIeC253FL",NA,"NDH"
"342","ndhI",3,"1/1",379,127,1,"C→U","CUU→UUU","L→F","ndhIeU379LF",NA,"NDH"
"343","ndhA",1,"1/1",566,189,2,"C→U","UCA→UUA","S→L","ndhAeU566SL",NA,"NDH"
"344","ndhA",2,"1/1",860,287,2,"U→C","UUC→UCC","F→S","ndhAeC860FS",NA,"NDH"
"345","ndhA",3,"1/1",866,289,2,"C→U","CCU→CUU","P→L","ndhAeU866PL",NA,"NDH"
"346","ndhA",4,"1/1",1072,358,1,"C→U","CUU→UUU","L→F","ndhAeU1072LF",NA,"NDH"
"347","ndhA",1,"1/1",122,41,2,"C→U","ACA→AUA","T→I","ndhAeU122TI",NA,"NDH"
"348","ndhA",2,"1/1",125,42,2,"U→C","AUA→ACA","I→T","ndhAeC125IT",NA,"NDH"
"349","ndhA",3,"1/1",341,114,2,"C→U","UCA→UUA","S→L","ndhAeU341SL",NA,"NDH"
"350","ndhH",1,"1/1",10,4,1,"U→C","UCA→CCA","S→P","ndhHeC10SP",NA,"NDH"
"351","ndhH",2,"1/1",14,5,2,"C→U","GCU→GUU","A→V","ndhHeU14AV",NA,"NDH"
"352","ndhH",3,"1/1",964,322,1,"C→U","CCG→UCG","P→S","ndhHeU964PS",NA,"NDH"
"353","ndhH",4,"1/1",983,328,2,"C→U","GCG→GUG","A→V","ndhHeU983AV",NA,"NDH"
"354","rps15",1,"1/1",137,46,2,"C→U","UCA→UUA","S→L","rps15eU137SL",NA,"Ribosomal"
"355","rps15",2,"1/1",254,85,2,"C→U","UCA→UUA","S→L","rps15eU254SL",NA,"Ribosomal"
"356","ycf1",1,"1/1",26,9,2,"C→U","CCA→CUA","P→L","ycf1eU26PL",NA,"Other"
"357","ycf1",2,"1/1",217,73,1,"U→C","UUC→CUC","F→L","ycf1eC217FL",NA,"Other"
"358","ycf1",3,"1/1",245,82,2,"U→C","GUG→GCG","V→A","ycf1eC245VA",NA,"Other"
"359","ycf1",4,"1/1",602,201,2,"U→C","UUU→UCU","F→S","ycf1eC602FS",NA,"Other"
"360","ycf1",5,"1/1",658,220,1,"U→C","UUU→CUU","F→L","ycf1eC658FL",NA,"Other"
"361","ycf1",6,"1/1",764,255,2,"U→C","AUU→ACU","I→T","ycf1eC764IT",NA,"Other"
"362","ycf1",7,"1/1",800,267,2,"C→U","GCA→GUA","A→V","ycf1eU800AV",NA,"Other"
"363","ycf1",8,"1/1",821,274,2,"C→U","UCU→UUU","S→F","ycf1eU821SF",NA,"Other"
"364","ycf1",9,"1/1",823,275,1,"U→C","UCU→CCU","S→P","ycf1eC823SP",NA,"Other"
"365","ycf1",10,"1/1",854,285,2,"C→U","CCG→CUG","P→L","ycf1eU854PL",NA,"Other"
"366","ycf1",11,"1/2",922,308,1,"C→U","CCC→UUC","P→F","ycf1eUU922PF",NA,"Other"
"367","ycf1",11,"2/2",923,308,2,"C→U","CCC→UUC","P→F","ycf1eUU922PF",NA,"Other"
"368","ycf1",12,"1/2",967,323,1,"U→C","UCU→CUU","S→L","ycf1eCU967SL",NA,"Other"
"369","ycf1",12,"2/2",968,323,2,"C→U","UCU→CUU","S→L","ycf1eCU967SL",NA,"Other"
"370","ycf1",13,"1/1",1027,343,1,"U→C","UAU→CAU","Y→H","ycf1eC1027YH",NA,"Other"
"371","ycf1",14,"1/1",1051,351,1,"C→U","CUU→UUU","L→F","ycf1eU1051LF",NA,"Other"
"372","ycf1",15,"1/1",1253,418,2,"U→C","UUU→UCU","F→S","ycf1eC1253FS",NA,"Other"
"373","ycf1",16,"1/1",1277,426,2,"C→U","UCU→UUU","S→F","ycf1eU1277SF",NA,"Other"
"374","ycf1",17,"1/1",1303,435,1,"U→C","UUU→CUU","F→L","ycf1eC1303FL",NA,"Other"
"375","ycf1",18,"1/1",1379,460,2,"U→C","UUU→UCU","F→S","ycf1eC1379FS",NA,"Other"
"376","ycf1",19,"1/2",1501,501,1,"U→C","UUU→CCU","F→P","ycf1eCC1501FP",NA,"Other"
"377","ycf1",19,"2/2",1502,501,2,"U→C","UUU→CCU","F→P","ycf1eCC1501FP",NA,"Other"
"378","ycf1",20,"1/1",1504,502,1,"U→C","UCA→CCA","S→P","ycf1eC1504SP",NA,"Other"
"379","ycf1",21,"1/1",1507,503,1,"C→U","CCU→UUU","P→F","ycf1eUU1507PF",NA,"Other"
"380","ycf1",21,"1/2",1508,503,2,"C→U","CCU→UUU","P→F","ycf1eUU1507PF",NA,"Other"
"381","ycf1",22,"1/1",1553,518,2,"U→C","UUU→UCU","F→S","ycf1eC1553FS",NA,"Other"
"382","ycf1",23,"1/1",1589,530,2,"C→U","ACU→AUU","T→I","ycf1eU1589TI",NA,"Other"
"383","ycf1",24,"1/1",1624,542,1,"C→U","CUC→UUC","L→F","ycf1eU1624LF",NA,"Other"
"384","ycf1",25,"1/1",1646,549,2,"C→U","ACA→AUA","T→I","ycf1eU1646TI",NA,"Other"
"385","ycf1",26,"1/1",1718,573,2,"U→C","AUU→ACU","I→T","ycf1eC1718IT",NA,"Other"
"386","ycf1",27,"1/1",1753,585,1,"C→U","CCC→UCC","P→S","ycf1eU1753PS",NA,"Other"
"387","ycf1",28,"1/1",1781,594,2,"C→U","UCU→UUU","S→F","ycf1eU1781SF",NA,"Other"
"388","ycf1",29,"1/1",1955,652,2,"C→U","ACU→AUU","T→I","ycf1eU1955TI",NA,"Other"
"389","ycf1",30,"1/1",1984,662,1,"C→U","CCU→UCU","P→S","ycf1eU1984PS",NA,"Other"
"390","ycf1",31,"1/1",2150,717,2,"C→U","CCC→CUC","P→L","ycf1eU2150PL",NA,"Other"
"391","ycf1",32,"1/1",2152,718,1,"C→U","CUC→UUC","L→F","ycf1eU2152LF",NA,"Other"
"392","ycf1",33,"1/1",2180,727,2,"C→U","CCG→CUG","P→L","ycf1eU2180PL",NA,"Other"
"393","ycf1",34,"1/1",2302,768,1,"C→U","CUU→UUU","L→F","ycf1eU2302LF",NA,"Other"
"394","ycf1",35,"1/1",2372,791,2,"C→U","UCA→UUA","S→L","ycf1eU2372SL",NA,"Other"
"395","ycf1",36,"1/1",2396,799,2,"C→U","GCC→GUC","A→V","ycf1eU2396AV",NA,"Other"
"396","ycf1",37,"1/1",2732,911,2,"U→C","UUA→UCA","L→S","ycf1eC2732LS",NA,"Other"
"397","ycf1",38,"1/1",2783,928,2,"C→U","GCU→GUU","A→V","ycf1eU2783AV",NA,"Other"
"398","ycf1",39,"1/1",2894,965,2,"C→U","CCA→CUA","P→L","ycf1eU2894PL",NA,"Other"
"399","ycf1",40,"1/1",2902,968,1,"U→C","UUU→CUU","F→L","ycf1eC2902FL",NA,"Other"
"400","ycf1",41,"1/2",2911,971,1,"U→C","UUG→CCG","L→P","ycf1eCC2911LP","X","Other"
"401","ycf1",41,"2/2",2912,971,2,"U→C","UUG→CCG","L→P","ycf1eCC2911LP",NA,"Other"
"402","ycf1",42,"1/1",2981,994,2,"C→U","UCA→UUA","S→L","ycf1eU2981SL",NA,"Other"
"403","ycf1",43,"1/1",3050,1017,2,"C→U","ACU→AUU","T→I","ycf1eU3050TI",NA,"Other"
"404","ycf1",44,"1/1",3179,1060,2,"U→C","AUA→ACA","I→T","ycf1eC3179IT",NA,"Other"
"405","ycf1",45,"1/1",3197,1066,2,"U→C","AUU→ACU","I→T","ycf1eC3197IT",NA,"Other"
"406","ycf1",46,"1/1",3215,1072,2,"U→C","UUC→UCC","F→S","ycf1eC3215FS",NA,"Other"
"407","ycf1",47,"1/1",3262,1088,1,"C→U","CUU→UUU","L→F","ycf1eU3262LF",NA,"Other"
"408","ycf1",48,"1/1",3290,1097,2,"C→U","ACC→AUC","T→I","ycf1eU3290TI",NA,"Other"
"409","ycf1",49,"1/1",3307,1103,1,"C→U","CUU→UUU","L→F","ycf1eU3307LF",NA,"Other"
"410","ycf1",50,"1/1",3385,1129,1,"C→U","CAU→UAU","H→Y","ycf1eU3385HY",NA,"Other"
"411","ycf1",51,"1/1",3434,1145,2,"U→C","UUU→UCU","F→S","ycf1eC3434FS",NA,"Other"
"412","ycf1",52,"1/1",3488,1163,2,"C→U","ACC→AUC","T→I","ycf1eU3488TI",NA,"Other"
"413","ycf1",53,"1/1",3511,1171,1,"U→C","UUC→CUC","F→L","ycf1eC3511FL",NA,"Other"
"414","ycf1",54,"1/1",3550,1184,1,"C→U","CUU→UUU","L→F","ycf1eU3550LF",NA,"Other"
"415","ycf1",55,"1/1",3623,1208,2,"U→C","AUC→ACC","I→T","ycf1eC3623IT",NA,"Other"
"416","ycf1",56,"1/2",3688,1230,1,"U→C","UUU→CCU","F→P","ycf1eCC3688FP",NA,"Other"
"417","ycf1",56,"2/2",3689,1230,2,"U→C","UUU→CCU","F→P","ycf1eCC3688FP",NA,"Other"
"418","ycf1",57,"1/1",3755,1252,2,"C→U","GCU→GUU","A→V","ycf1eU3755AV",NA,"Other"
"419","ycf1",58,"1/1",3889,1297,1,"U→C","UUU→CUU","F→L","ycf1eC3889FL",NA,"Other"
"420","ycf1",59,"1/1",3965,1322,2,"C→U","CCU→CUU","P→L","ycf1eU3965PL",NA,"Other"
"421","ycf1",60,"1/1",4057,1353,1,"C→U","CUU→UUU","L→F","ycf1eU4057LF",NA,"Other"
"422","ycf1",61,"1/1",4070,1357,2,"C→U","GCC→GUC","A→V","ycf1eU4070AV",NA,"Other"
"423","ycf1",62,"1/1",4081,1361,1,"U→C","UCC→CCC","S→P","ycf1eC4081SP",NA,"Other"
"424","ycf1",63,"1/2",4189,1397,1,"C→U","CCU→UUU","P→F","ycf1eUU4189PF",NA,"Other"
"425","ycf1",63,"2/2",4190,1397,2,"C→U","CCU→UUU","P→F","ycf1eUU4189PF",NA,"Other"
"426","ycf1",64,"1/1",4249,1417,1,"C→U","CUU→UUU","L→F","ycf1eU4249LF",NA,"Other"
"427","ycf1",65,"1/1",4387,1463,1,"C→U","CUU→UUU","L→F","ycf1eU4387LF",NA,"Other"
"428","ycf1",66,"1/1",4396,1466,1,"C→U","CCG→UCG","P→S","ycf1eU4396PS",NA,"Other"
"429","ycf1",67,"1/1",4450,1484,1,"C→U","CCC→UCC","P→S","ycf1eU4450PS",NA,"Other"
"430","ycf1",68,"1/2",4498,1500,1,"U→C","UUA→CCA","L→P","ycf1eCC4498LP","X","Other"
"431","ycf1",68,"2/2",4499,1500,2,"U→C","UUA→CCA","L→P","ycf1eCC4498LP",NA,"Other"
"432","ycf1",69,"1/1",4508,1503,2,"U→C","GUU→GCU","V→A","ycf1eC4508VA",NA,"Other"
"433","ycf1",70,"1/1",4514,1505,2,"C→U","UCA→UUA","S→L","ycf1eU4514SL",NA,"Other"
"434","ycf1",71,"1/1",4615,1539,1,"U→C","UUC→CUC","F→L","ycf1eC4615FL",NA,"Other"
"435","ycf1",72,"1/1",4634,1545,2,"U→C","UUG→UCG","L→S","ycf1eC4634LS",NA,"Other"
"436","ycf1",73,"1/1",4661,1554,2,"C→U","UCU→UUU","S→F","ycf1eU4661SF",NA,"Other"
"437","ycf1",74,"1/1",4736,1579,2,"U→C","GUU→GCU","V→A","ycf1eC4736VA",NA,"Other"
"438","ycf1",75,"1/1",4801,1601,1,"C→U","CUU→UUU","L→F","ycf1eU4801LF",NA,"Other"
"439","ycf1",76,"1/1",4873,1625,1,"U→C","UUU→CUU","F→L","ycf1eC4873FL",NA,"Other"
"440","ycf1",77,"1/1",4901,1634,2,"U→C","UUA→UCA","L→S","ycf1eC4901LS",NA,"Other"
"441","ycf1",78,"1/1",4993,1665,1,"C→U","CAU→UAU","H→Y","ycf1eU4993HY",NA,"Other"
"442","ycf1",79,"1/1",5105,1702,2,"C→U","UCA→UUA","S→L","ycf1eU5105SL",NA,"Other"
"443","ycf1",80,"1/1",5134,1712,1,"C→U","CCA→UCA","P→S","ycf1eU5134PS",NA,"Other"
"444","ycf1",81,"1/1",5234,1745,2,"U→C","UUC→UCC","F→S","ycf1eC5234FS",NA,"Other"
