Gene,Start,End,Region,Copy_Status
rps12,73942,103627,LSC,Duplicate
trnH-GUG,3,77,LSC,Duplicate
trnH-GUG,4,78,LSC,Duplicate
trnH-GUG,4,77,LSC,Duplicate
psbA,584,1645,LSC,Single
trnK-UUU,1929,4552,LSC,Single
matK,2277,3791,LSC,Single
rps16,5434,6584,LSC,Single
trnQ-UUG,7153,7224,LSC,Single
psbK,7569,7754,LSC,Single
psbI,8171,8281,LSC,Single
trnS-GCU,8356,8443,LSC,Single
trnS-CGA,9247,10064,LSC,Single
trnG-UCC,9247,10063,LSC,Single
trnR-UCU,10248,10319,LSC,Single
atpA,10499,12022,LSC,Single
atpF,12094,13447,LSC,Single
atpH,14031,14276,LSC,Single
atpI,15480,16223,LSC,Duplicate
atpI,15480,16166,LSC,Duplicate
rps2,16442,17152,LSC,Single
rpoC2,17392,21573,LSC,Single
rpoC1,21756,24564,LSC,Single
rpoB,24591,27803,LSC,Single
trnC-GCA,29042,29113,LSC,Single
petN,29689,29778,LSC,Single
psbM,30325,30429,LSC,Single
trnD-GUC,30915,30991,LSC,Duplicate
trnD-GUC,30917,30990,LSC,Duplicate
trnY-GUA,31480,31565,LSC,Duplicate
trnY-GUA,31481,31564,LSC,Duplicate
trnE-UUC,31623,31697,LSC,Duplicate
trnE-UUC,31624,31696,LSC,Duplicate
trnT-GGU,32521,32594,LSC,Duplicate
trnT-GGU,32522,32593,LSC,Duplicate
psbD,34070,35131,LSC,Single
psbC,35115,36500,LSC,Single
trnS-UGA,36742,36834,LSC,Single
psbZ,37193,37381,LSC,Single
trnG-GCC,38229,38300,LSC,Duplicate
trnG-GCC,38229,38299,LSC,Duplicate
trnM-CAU,38445,38519,LSC,Duplicate
trnM-CAU | trnfM-CAU,38446,38519,LSC,Single
rps14,38678,38980,LSC,Single
psaB,39109,41313,LSC,Single
psaA,41339,43591,LSC,Single
pafI,44459,46472,LSC,Single
trnS-GGA,47437,47524,LSC,Duplicate
trnS-GGA,47437,47523,LSC,Duplicate
rps4,47801,48406,LSC,Single
trnT-UGU,48889,48963,LSC,Duplicate
trnT-UGU,48890,48962,LSC,Duplicate
trnL-UAA,49948,50582,LSC,Single
trnF-GAA,50981,51053,LSC,Single
ndhJ,51773,52249,LSC,Single
ndhK,52384,53061,LSC,Single
ndhC,53122,53484,LSC,Single
trnV-UAC | trnC-ACA,54711,55372,LSC,Single
trnM-CAU,55567,55639,LSC,Duplicate
atpE,55878,56279,LSC,Single
atpB,56276,57772,LSC,Single
rbcL,58826,60259,LSC,Single
accD,60973,62451,LSC,Single
psaI,63194,63307,LSC,Single
pafII,63718,64272,LSC,Single
cemA,65257,65946,LSC,Single
petA,66173,67135,LSC,Single
psbJ,68193,68315,LSC,Single
psbL,68455,68571,LSC,Single
psbF,68603,68722,LSC,Single
psbE,68732,68983,LSC,Single
petL,69846,69941,LSC,Single
petG,70119,70232,LSC,Single
trnW-CCA,70363,70436,LSC,Single
trnP-UGG,70624,70699,LSC,Duplicate
trnP-UGG,70626,70699,LSC,Duplicate
psaJ,71062,71190,LSC,Single
rpl33,71705,71905,LSC,Single
rps18,72246,72551,LSC,Single
rpl20,72837,73190,LSC,Single
rps12,73922,74055,LSC,Duplicate
rps12,73942,146211,LSC,Duplicate
clpP1,74234,74497,LSC,Duplicate
clpP1,74249,76414,LSC,Duplicate
psbB,76821,78347,LSC,Single
psbT,78530,78637,LSC,Single
pbf1,78698,78829,LSC,Single
psbH,78934,79155,LSC,Single
petB,79284,80749,LSC,Single
petD,80964,82185,LSC,Single
rpoA,82414,83397,LSC,Single
rps11,83468,83884,LSC,Single
rpl36,84027,84140,LSC,Single
infA,84257,84466,LSC,Single
rps8,84611,85015,LSC,Single
rpl14,85175,85543,LSC,Single
rpl16,85694,87277,LSC,Single
rps3,87467,88123,LSC,Single
rpl22,88171,88626,LSC,Single
rps19,88688,88966,LSC,Single
rpl2,89057,90587,IRb,Duplicate
rpl23,90606,90887,IRb,Duplicate
trnM-CAU,91052,91126,IRb,Duplicate
trnM-CAU | trnI-CAU,91053,91126,IRb,Duplicate
ycf2,91215,98096,IRb,Duplicate
trnL-CAA,99042,99124,IRb,Duplicate
trnL-CAA,99043,99123,IRb,Duplicate
ndhB,99772,101983,IRb,Duplicate
rps7,102307,102774,IRb,Duplicate
trnV-GAC,105543,105614,IRb,Duplicate
rrn16,105842,107332,IRb,Duplicate
trnI-GAU | trnE-UUC,107626,108654,IRb,Duplicate
trnI-GAU,107626,107713,IRb,Duplicate
trnA-UGC,108718,109584,IRb,Duplicate
trnA-UGC,108718,108822,IRb,Duplicate
rrn23,109752,112561,IRb,Duplicate
rrn23,109752,112362,IRb,Duplicate
rrn4.5,112660,112762,IRb,Duplicate
rrn5,113019,113139,IRb,Duplicate
trnR-ACG,113393,113467,IRb,Duplicate
trnR-ACG,113393,113466,IRb,Duplicate
trnN-GUU,114091,114164,IRb,Duplicate
trnN-GUU,114092,114163,IRb,Duplicate
ycf1,114481,120153,IRb,Single
rps15,120528,120800,SSC,Single
ndhH,120900,122081,SSC,Single
ndhA,122083,124316,SSC,Single
ndhI,124399,124902,SSC,Single
ycf2,124836,125063,SSC,Duplicate
ndhG,125331,125861,SSC,Single
ndhE,126090,126395,SSC,Single
psaC,126643,126888,SSC,Single
ndhD,127017,128519,SSC,Single
ccsA,128817,129797,SSC,Single
trnL-UAG,129911,129990,SSC,Single
rpl32,130837,131001,SSC,Single
ndhF,132231,134441,SSC,Single
trnN-GUU,134881,134954,IRa,Duplicate
trnN-GUU,134882,134953,IRa,Duplicate
trnR-ACG,135578,135652,IRa,Duplicate
trnR-ACG,135579,135652,IRa,Duplicate
rrn5,135906,136026,IRa,Duplicate
rrn4.5,136283,136385,IRa,Duplicate
rrn23,136484,139293,IRa,Duplicate
rrn23,136683,139293,IRa,Duplicate
trnA-UGC,139461,140327,IRa,Duplicate
trnA-UGC,140223,140327,IRa,Duplicate
trnI-GAU | trnE-UUC,140391,141419,IRa,Duplicate
trnI-GAU,141332,141419,IRa,Duplicate
rrn16,141713,143203,IRa,Duplicate
trnV-GAC,143431,143502,IRa,Duplicate
rps7,146271,146738,IRa,Duplicate
ndhB,147062,149273,IRa,Duplicate
trnL-CAA,149921,150003,IRa,Duplicate
trnL-CAA,149922,150002,IRa,Duplicate
ycf2,150949,157830,IRa,Duplicate
trnM-CAU,157919,157993,IRa,Duplicate
trnM-CAU | trnI-CAU,157919,157992,IRa,Duplicate
rpl23,158158,158439,IRa,Duplicate
rpl2,158458,159988,IRa,Duplicate
