"","model_test","gene","p_M1a_M2a","sig_M1a_M2a","sig_M7_M8","pos_sel_both","model","lnL","stat_test","stat_value"
"1","M0","atpA",1,FALSE,FALSE,FALSE,"lnL_M0",-2027.119895,"LRT_M1a_M2a",0
"2","M0","atpA",1,FALSE,FALSE,FALSE,"lnL_M0",-2027.119895,"LRT_M7_M8",-0.000363999999990483
"3","M0","atpA",1,FALSE,FALSE,FALSE,"lnL_M0",-2027.119895,"p_M7_M8",1
"4","M1a","atpA",1,FALSE,FALSE,FALSE,"lnL_M1a",-2027.119534,"LRT_M1a_M2a",0
"5","M1a","atpA",1,FALSE,FALSE,FALSE,"lnL_M1a",-2027.119534,"LRT_M7_M8",-0.000363999999990483
"6","M1a","atpA",1,FALSE,FALSE,FALSE,"lnL_M1a",-2027.119534,"p_M7_M8",1
"7","M2a","atpA",1,FALSE,FALSE,FALSE,"lnL_M2a",-2027.119534,"LRT_M1a_M2a",0
"8","M2a","atpA",1,FALSE,FALSE,FALSE,"lnL_M2a",-2027.119534,"LRT_M7_M8",-0.000363999999990483
"9","M2a","atpA",1,FALSE,FALSE,FALSE,"lnL_M2a",-2027.119534,"p_M7_M8",1
"10","M7","atpA",1,FALSE,FALSE,FALSE,"lnL_M7",-2027.119557,"LRT_M1a_M2a",0
"11","M7","atpA",1,FALSE,FALSE,FALSE,"lnL_M7",-2027.119557,"LRT_M7_M8",-0.000363999999990483
"12","M7","atpA",1,FALSE,FALSE,FALSE,"lnL_M7",-2027.119557,"p_M7_M8",1
"13","M8","atpA",1,FALSE,FALSE,FALSE,"lnL_M8",-2027.119739,"LRT_M1a_M2a",0
"14","M8","atpA",1,FALSE,FALSE,FALSE,"lnL_M8",-2027.119739,"LRT_M7_M8",-0.000363999999990483
"15","M8","atpA",1,FALSE,FALSE,FALSE,"lnL_M8",-2027.119739,"p_M7_M8",1
"16","M0","atpB",0.999976000288058,FALSE,FALSE,FALSE,"lnL_M0",-1983.694415,"LRT_M1a_M2a",4.79999998788116e-05
"17","M0","atpB",0.999976000288058,FALSE,FALSE,FALSE,"lnL_M0",-1983.694415,"LRT_M7_M8",-0.00806199999988166
"18","M0","atpB",0.999976000288058,FALSE,FALSE,FALSE,"lnL_M0",-1983.694415,"p_M7_M8",1
"19","M1a","atpB",0.999976000288058,FALSE,FALSE,FALSE,"lnL_M1a",-1983.694198,"LRT_M1a_M2a",4.79999998788116e-05
"20","M1a","atpB",0.999976000288058,FALSE,FALSE,FALSE,"lnL_M1a",-1983.694198,"LRT_M7_M8",-0.00806199999988166
"21","M1a","atpB",0.999976000288058,FALSE,FALSE,FALSE,"lnL_M1a",-1983.694198,"p_M7_M8",1
"22","M2a","atpB",0.999976000288058,FALSE,FALSE,FALSE,"lnL_M2a",-1983.694174,"LRT_M1a_M2a",4.79999998788116e-05
"23","M2a","atpB",0.999976000288058,FALSE,FALSE,FALSE,"lnL_M2a",-1983.694174,"LRT_M7_M8",-0.00806199999988166
"24","M2a","atpB",0.999976000288058,FALSE,FALSE,FALSE,"lnL_M2a",-1983.694174,"p_M7_M8",1
"25","M7","atpB",0.999976000288058,FALSE,FALSE,FALSE,"lnL_M7",-1983.694172,"LRT_M1a_M2a",4.79999998788116e-05
"26","M7","atpB",0.999976000288058,FALSE,FALSE,FALSE,"lnL_M7",-1983.694172,"LRT_M7_M8",-0.00806199999988166
"27","M7","atpB",0.999976000288058,FALSE,FALSE,FALSE,"lnL_M7",-1983.694172,"p_M7_M8",1
"28","M8","atpB",0.999976000288058,FALSE,FALSE,FALSE,"lnL_M8",-1983.698203,"LRT_M1a_M2a",4.79999998788116e-05
"29","M8","atpB",0.999976000288058,FALSE,FALSE,FALSE,"lnL_M8",-1983.698203,"LRT_M7_M8",-0.00806199999988166
"30","M8","atpB",0.999976000288058,FALSE,FALSE,FALSE,"lnL_M8",-1983.698203,"p_M7_M8",1
"31","M0","atpE",0.809973295805921,FALSE,FALSE,FALSE,"lnL_M0",-531.71415,"LRT_M1a_M2a",0.421507999999903
"32","M0","atpE",0.809973295805921,FALSE,FALSE,FALSE,"lnL_M0",-531.71415,"LRT_M7_M8",0.832053999999971
"33","M0","atpE",0.809973295805921,FALSE,FALSE,FALSE,"lnL_M0",-531.71415,"p_M7_M8",0.659662459357547
"34","M1a","atpE",0.809973295805921,FALSE,FALSE,FALSE,"lnL_M1a",-531.924904,"LRT_M1a_M2a",0.421507999999903
"35","M1a","atpE",0.809973295805921,FALSE,FALSE,FALSE,"lnL_M1a",-531.924904,"LRT_M7_M8",0.832053999999971
"36","M1a","atpE",0.809973295805921,FALSE,FALSE,FALSE,"lnL_M1a",-531.924904,"p_M7_M8",0.659662459357547
"37","M2a","atpE",0.809973295805921,FALSE,FALSE,FALSE,"lnL_M2a",-531.71415,"LRT_M1a_M2a",0.421507999999903
"38","M2a","atpE",0.809973295805921,FALSE,FALSE,FALSE,"lnL_M2a",-531.71415,"LRT_M7_M8",0.832053999999971
"39","M2a","atpE",0.809973295805921,FALSE,FALSE,FALSE,"lnL_M2a",-531.71415,"p_M7_M8",0.659662459357547
"40","M7","atpE",0.809973295805921,FALSE,FALSE,FALSE,"lnL_M7",-531.924903,"LRT_M1a_M2a",0.421507999999903
"41","M7","atpE",0.809973295805921,FALSE,FALSE,FALSE,"lnL_M7",-531.924903,"LRT_M7_M8",0.832053999999971
"42","M7","atpE",0.809973295805921,FALSE,FALSE,FALSE,"lnL_M7",-531.924903,"p_M7_M8",0.659662459357547
"43","M8","atpE",0.809973295805921,FALSE,FALSE,FALSE,"lnL_M8",-531.508876,"LRT_M1a_M2a",0.421507999999903
"44","M8","atpE",0.809973295805921,FALSE,FALSE,FALSE,"lnL_M8",-531.508876,"LRT_M7_M8",0.832053999999971
"45","M8","atpE",0.809973295805921,FALSE,FALSE,FALSE,"lnL_M8",-531.508876,"p_M7_M8",0.659662459357547
"46","M0","atpH",0.999971000420456,FALSE,FALSE,FALSE,"lnL_M0",-314.844758,"LRT_M1a_M2a",5.80000000809378e-05
"47","M0","atpH",0.999971000420456,FALSE,FALSE,FALSE,"lnL_M0",-314.844758,"LRT_M7_M8",-5.79999999672509e-05
"48","M0","atpH",0.999971000420456,FALSE,FALSE,FALSE,"lnL_M0",-314.844758,"p_M7_M8",1
"49","M1a","atpH",0.999971000420456,FALSE,FALSE,FALSE,"lnL_M1a",-314.844484,"LRT_M1a_M2a",5.80000000809378e-05
"50","M1a","atpH",0.999971000420456,FALSE,FALSE,FALSE,"lnL_M1a",-314.844484,"LRT_M7_M8",-5.79999999672509e-05
"51","M1a","atpH",0.999971000420456,FALSE,FALSE,FALSE,"lnL_M1a",-314.844484,"p_M7_M8",1
"52","M2a","atpH",0.999971000420456,FALSE,FALSE,FALSE,"lnL_M2a",-314.844455,"LRT_M1a_M2a",5.80000000809378e-05
"53","M2a","atpH",0.999971000420456,FALSE,FALSE,FALSE,"lnL_M2a",-314.844455,"LRT_M7_M8",-5.79999999672509e-05
"54","M2a","atpH",0.999971000420456,FALSE,FALSE,FALSE,"lnL_M2a",-314.844455,"p_M7_M8",1
"55","M7","atpH",0.999971000420456,FALSE,FALSE,FALSE,"lnL_M7",-314.844452,"LRT_M1a_M2a",5.80000000809378e-05
"56","M7","atpH",0.999971000420456,FALSE,FALSE,FALSE,"lnL_M7",-314.844452,"LRT_M7_M8",-5.79999999672509e-05
"57","M7","atpH",0.999971000420456,FALSE,FALSE,FALSE,"lnL_M7",-314.844452,"p_M7_M8",1
"58","M8","atpH",0.999971000420456,FALSE,FALSE,FALSE,"lnL_M8",-314.844481,"LRT_M1a_M2a",5.80000000809378e-05
"59","M8","atpH",0.999971000420456,FALSE,FALSE,FALSE,"lnL_M8",-314.844481,"LRT_M7_M8",-5.79999999672509e-05
"60","M8","atpH",0.999971000420456,FALSE,FALSE,FALSE,"lnL_M8",-314.844481,"p_M7_M8",1
"61","M0","atpI",0.592561863768294,FALSE,FALSE,FALSE,"lnL_M0",-984.160306,"LRT_M1a_M2a",1.04660000000013
"62","M0","atpI",0.592561863768294,FALSE,FALSE,FALSE,"lnL_M0",-984.160306,"LRT_M7_M8",1.19666800000005
"63","M0","atpI",0.592561863768294,FALSE,FALSE,FALSE,"lnL_M0",-984.160306,"p_M7_M8",0.549726718331595
"64","M1a","atpI",0.592561863768294,FALSE,FALSE,FALSE,"lnL_M1a",-984.692936,"LRT_M1a_M2a",1.04660000000013
"65","M1a","atpI",0.592561863768294,FALSE,FALSE,FALSE,"lnL_M1a",-984.692936,"LRT_M7_M8",1.19666800000005
"66","M1a","atpI",0.592561863768294,FALSE,FALSE,FALSE,"lnL_M1a",-984.692936,"p_M7_M8",0.549726718331595
"67","M2a","atpI",0.592561863768294,FALSE,FALSE,FALSE,"lnL_M2a",-984.169636,"LRT_M1a_M2a",1.04660000000013
"68","M2a","atpI",0.592561863768294,FALSE,FALSE,FALSE,"lnL_M2a",-984.169636,"LRT_M7_M8",1.19666800000005
"69","M2a","atpI",0.592561863768294,FALSE,FALSE,FALSE,"lnL_M2a",-984.169636,"p_M7_M8",0.549726718331595
"70","M7","atpI",0.592561863768294,FALSE,FALSE,FALSE,"lnL_M7",-984.758739,"LRT_M1a_M2a",1.04660000000013
"71","M7","atpI",0.592561863768294,FALSE,FALSE,FALSE,"lnL_M7",-984.758739,"LRT_M7_M8",1.19666800000005
"72","M7","atpI",0.592561863768294,FALSE,FALSE,FALSE,"lnL_M7",-984.758739,"p_M7_M8",0.549726718331595
"73","M8","atpI",0.592561863768294,FALSE,FALSE,FALSE,"lnL_M8",-984.160405,"LRT_M1a_M2a",1.04660000000013
"74","M8","atpI",0.592561863768294,FALSE,FALSE,FALSE,"lnL_M8",-984.160405,"LRT_M7_M8",1.19666800000005
"75","M8","atpI",0.592561863768294,FALSE,FALSE,FALSE,"lnL_M8",-984.160405,"p_M7_M8",0.549726718331595
"76","M0","ccsA",0.999997000004621,FALSE,FALSE,FALSE,"lnL_M0",-1307.197642,"LRT_M1a_M2a",5.99999975747778e-06
"77","M0","ccsA",0.999997000004621,FALSE,FALSE,FALSE,"lnL_M0",-1307.197642,"LRT_M7_M8",-0.00106000000005224
"78","M0","ccsA",0.999997000004621,FALSE,FALSE,FALSE,"lnL_M0",-1307.197642,"p_M7_M8",1
"79","M1a","ccsA",0.999997000004621,FALSE,FALSE,FALSE,"lnL_M1a",-1307.197645,"LRT_M1a_M2a",5.99999975747778e-06
"80","M1a","ccsA",0.999997000004621,FALSE,FALSE,FALSE,"lnL_M1a",-1307.197645,"LRT_M7_M8",-0.00106000000005224
"81","M1a","ccsA",0.999997000004621,FALSE,FALSE,FALSE,"lnL_M1a",-1307.197645,"p_M7_M8",1
"82","M2a","ccsA",0.999997000004621,FALSE,FALSE,FALSE,"lnL_M2a",-1307.197642,"LRT_M1a_M2a",5.99999975747778e-06
"83","M2a","ccsA",0.999997000004621,FALSE,FALSE,FALSE,"lnL_M2a",-1307.197642,"LRT_M7_M8",-0.00106000000005224
"84","M2a","ccsA",0.999997000004621,FALSE,FALSE,FALSE,"lnL_M2a",-1307.197642,"p_M7_M8",1
"85","M7","ccsA",0.999997000004621,FALSE,FALSE,FALSE,"lnL_M7",-1307.197932,"LRT_M1a_M2a",5.99999975747778e-06
"86","M7","ccsA",0.999997000004621,FALSE,FALSE,FALSE,"lnL_M7",-1307.197932,"LRT_M7_M8",-0.00106000000005224
"87","M7","ccsA",0.999997000004621,FALSE,FALSE,FALSE,"lnL_M7",-1307.197932,"p_M7_M8",1
"88","M8","ccsA",0.999997000004621,FALSE,FALSE,FALSE,"lnL_M8",-1307.198462,"LRT_M1a_M2a",5.99999975747778e-06
"89","M8","ccsA",0.999997000004621,FALSE,FALSE,FALSE,"lnL_M8",-1307.198462,"LRT_M7_M8",-0.00106000000005224
"90","M8","ccsA",0.999997000004621,FALSE,FALSE,FALSE,"lnL_M8",-1307.198462,"p_M7_M8",1
"91","M0","cemA",0.999999000000503,FALSE,FALSE,FALSE,"lnL_M0",-915.717555,"LRT_M1a_M2a",1.99999999495049e-06
"92","M0","cemA",0.999999000000503,FALSE,FALSE,FALSE,"lnL_M0",-915.717555,"LRT_M7_M8",-1.99999999495049e-06
"93","M0","cemA",0.999999000000503,FALSE,FALSE,FALSE,"lnL_M0",-915.717555,"p_M7_M8",1
"94","M1a","cemA",0.999999000000503,FALSE,FALSE,FALSE,"lnL_M1a",-915.717556,"LRT_M1a_M2a",1.99999999495049e-06
"95","M1a","cemA",0.999999000000503,FALSE,FALSE,FALSE,"lnL_M1a",-915.717556,"LRT_M7_M8",-1.99999999495049e-06
"96","M1a","cemA",0.999999000000503,FALSE,FALSE,FALSE,"lnL_M1a",-915.717556,"p_M7_M8",1
"97","M2a","cemA",0.999999000000503,FALSE,FALSE,FALSE,"lnL_M2a",-915.717555,"LRT_M1a_M2a",1.99999999495049e-06
"98","M2a","cemA",0.999999000000503,FALSE,FALSE,FALSE,"lnL_M2a",-915.717555,"LRT_M7_M8",-1.99999999495049e-06
"99","M2a","cemA",0.999999000000503,FALSE,FALSE,FALSE,"lnL_M2a",-915.717555,"p_M7_M8",1
"100","M7","cemA",0.999999000000503,FALSE,FALSE,FALSE,"lnL_M7",-915.717746,"LRT_M1a_M2a",1.99999999495049e-06
"101","M7","cemA",0.999999000000503,FALSE,FALSE,FALSE,"lnL_M7",-915.717746,"LRT_M7_M8",-1.99999999495049e-06
"102","M7","cemA",0.999999000000503,FALSE,FALSE,FALSE,"lnL_M7",-915.717746,"p_M7_M8",1
"103","M8","cemA",0.999999000000503,FALSE,FALSE,FALSE,"lnL_M8",-915.717747,"LRT_M1a_M2a",1.99999999495049e-06
"104","M8","cemA",0.999999000000503,FALSE,FALSE,FALSE,"lnL_M8",-915.717747,"LRT_M7_M8",-1.99999999495049e-06
"105","M8","cemA",0.999999000000503,FALSE,FALSE,FALSE,"lnL_M8",-915.717747,"p_M7_M8",1
"106","M0","clpP1",0.999933002244505,FALSE,FALSE,FALSE,"lnL_M0",-793.268672,"LRT_M1a_M2a",0.000133999999889056
"107","M0","clpP1",0.999933002244505,FALSE,FALSE,FALSE,"lnL_M0",-793.268672,"LRT_M7_M8",-0.000130000000126529
"108","M0","clpP1",0.999933002244505,FALSE,FALSE,FALSE,"lnL_M0",-793.268672,"p_M7_M8",1
"109","M1a","clpP1",0.999933002244505,FALSE,FALSE,FALSE,"lnL_M1a",-793.26806,"LRT_M1a_M2a",0.000133999999889056
"110","M1a","clpP1",0.999933002244505,FALSE,FALSE,FALSE,"lnL_M1a",-793.26806,"LRT_M7_M8",-0.000130000000126529
"111","M1a","clpP1",0.999933002244505,FALSE,FALSE,FALSE,"lnL_M1a",-793.26806,"p_M7_M8",1
"112","M2a","clpP1",0.999933002244505,FALSE,FALSE,FALSE,"lnL_M2a",-793.267993,"LRT_M1a_M2a",0.000133999999889056
"113","M2a","clpP1",0.999933002244505,FALSE,FALSE,FALSE,"lnL_M2a",-793.267993,"LRT_M7_M8",-0.000130000000126529
"114","M2a","clpP1",0.999933002244505,FALSE,FALSE,FALSE,"lnL_M2a",-793.267993,"p_M7_M8",1
"115","M7","clpP1",0.999933002244505,FALSE,FALSE,FALSE,"lnL_M7",-793.267988,"LRT_M1a_M2a",0.000133999999889056
"116","M7","clpP1",0.999933002244505,FALSE,FALSE,FALSE,"lnL_M7",-793.267988,"LRT_M7_M8",-0.000130000000126529
"117","M7","clpP1",0.999933002244505,FALSE,FALSE,FALSE,"lnL_M7",-793.267988,"p_M7_M8",1
"118","M8","clpP1",0.999933002244505,FALSE,FALSE,FALSE,"lnL_M8",-793.268053,"LRT_M1a_M2a",0.000133999999889056
"119","M8","clpP1",0.999933002244505,FALSE,FALSE,FALSE,"lnL_M8",-793.268053,"LRT_M7_M8",-0.000130000000126529
"120","M8","clpP1",0.999933002244505,FALSE,FALSE,FALSE,"lnL_M8",-793.268053,"p_M7_M8",1
"121","M0","matK",1,FALSE,FALSE,FALSE,"lnL_M0",-2047.96457,"LRT_M1a_M2a",0
"122","M0","matK",1,FALSE,FALSE,FALSE,"lnL_M0",-2047.96457,"LRT_M7_M8",-0.00709999999980937
"123","M0","matK",1,FALSE,FALSE,FALSE,"lnL_M0",-2047.96457,"p_M7_M8",1
"124","M1a","matK",1,FALSE,FALSE,FALSE,"lnL_M1a",-2047.96457,"LRT_M1a_M2a",0
"125","M1a","matK",1,FALSE,FALSE,FALSE,"lnL_M1a",-2047.96457,"LRT_M7_M8",-0.00709999999980937
"126","M1a","matK",1,FALSE,FALSE,FALSE,"lnL_M1a",-2047.96457,"p_M7_M8",1
"127","M2a","matK",1,FALSE,FALSE,FALSE,"lnL_M2a",-2047.96457,"LRT_M1a_M2a",0
"128","M2a","matK",1,FALSE,FALSE,FALSE,"lnL_M2a",-2047.96457,"LRT_M7_M8",-0.00709999999980937
"129","M2a","matK",1,FALSE,FALSE,FALSE,"lnL_M2a",-2047.96457,"p_M7_M8",1
"130","M7","matK",1,FALSE,FALSE,FALSE,"lnL_M7",-2047.964649,"LRT_M1a_M2a",0
"131","M7","matK",1,FALSE,FALSE,FALSE,"lnL_M7",-2047.964649,"LRT_M7_M8",-0.00709999999980937
"132","M7","matK",1,FALSE,FALSE,FALSE,"lnL_M7",-2047.964649,"p_M7_M8",1
"133","M8","matK",1,FALSE,FALSE,FALSE,"lnL_M8",-2047.968199,"LRT_M1a_M2a",0
"134","M8","matK",1,FALSE,FALSE,FALSE,"lnL_M8",-2047.968199,"LRT_M7_M8",-0.00709999999980937
"135","M8","matK",1,FALSE,FALSE,FALSE,"lnL_M8",-2047.968199,"p_M7_M8",1
"136","M0","ndhA",1,FALSE,FALSE,FALSE,"lnL_M0",-1455.546592,"LRT_M1a_M2a",0
"137","M0","ndhA",1,FALSE,FALSE,FALSE,"lnL_M0",-1455.546592,"LRT_M7_M8",0.000157999999828462
"138","M0","ndhA",1,FALSE,FALSE,FALSE,"lnL_M0",-1455.546592,"p_M7_M8",0.999921003120504
"139","M1a","ndhA",1,FALSE,FALSE,FALSE,"lnL_M1a",-1455.546592,"LRT_M1a_M2a",0
"140","M1a","ndhA",1,FALSE,FALSE,FALSE,"lnL_M1a",-1455.546592,"LRT_M7_M8",0.000157999999828462
"141","M1a","ndhA",1,FALSE,FALSE,FALSE,"lnL_M1a",-1455.546592,"p_M7_M8",0.999921003120504
"142","M2a","ndhA",1,FALSE,FALSE,FALSE,"lnL_M2a",-1455.546592,"LRT_M1a_M2a",0
"143","M2a","ndhA",1,FALSE,FALSE,FALSE,"lnL_M2a",-1455.546592,"LRT_M7_M8",0.000157999999828462
"144","M2a","ndhA",1,FALSE,FALSE,FALSE,"lnL_M2a",-1455.546592,"p_M7_M8",0.999921003120504
"145","M7","ndhA",1,FALSE,FALSE,FALSE,"lnL_M7",-1455.546739,"LRT_M1a_M2a",0
"146","M7","ndhA",1,FALSE,FALSE,FALSE,"lnL_M7",-1455.546739,"LRT_M7_M8",0.000157999999828462
"147","M7","ndhA",1,FALSE,FALSE,FALSE,"lnL_M7",-1455.546739,"p_M7_M8",0.999921003120504
"148","M8","ndhA",1,FALSE,FALSE,FALSE,"lnL_M8",-1455.54666,"LRT_M1a_M2a",0
"149","M8","ndhA",1,FALSE,FALSE,FALSE,"lnL_M8",-1455.54666,"LRT_M7_M8",0.000157999999828462
"150","M8","ndhA",1,FALSE,FALSE,FALSE,"lnL_M8",-1455.54666,"p_M7_M8",0.999921003120504
"151","M0","ndhB",0.99851809910133,FALSE,FALSE,FALSE,"lnL_M0",-2019.199592,"LRT_M1a_M2a",0.00296599999956015
"152","M0","ndhB",0.99851809910133,FALSE,FALSE,FALSE,"lnL_M0",-2019.199592,"LRT_M7_M8",-0.00301799999988361
"153","M0","ndhB",0.99851809910133,FALSE,FALSE,FALSE,"lnL_M0",-2019.199592,"p_M7_M8",1
"154","M1a","ndhB",0.99851809910133,FALSE,FALSE,FALSE,"lnL_M1a",-2019.198982,"LRT_M1a_M2a",0.00296599999956015
"155","M1a","ndhB",0.99851809910133,FALSE,FALSE,FALSE,"lnL_M1a",-2019.198982,"LRT_M7_M8",-0.00301799999988361
"156","M1a","ndhB",0.99851809910133,FALSE,FALSE,FALSE,"lnL_M1a",-2019.198982,"p_M7_M8",1
"157","M2a","ndhB",0.99851809910133,FALSE,FALSE,FALSE,"lnL_M2a",-2019.197499,"LRT_M1a_M2a",0.00296599999956015
"158","M2a","ndhB",0.99851809910133,FALSE,FALSE,FALSE,"lnL_M2a",-2019.197499,"LRT_M7_M8",-0.00301799999988361
"159","M2a","ndhB",0.99851809910133,FALSE,FALSE,FALSE,"lnL_M2a",-2019.197499,"p_M7_M8",1
"160","M7","ndhB",0.99851809910133,FALSE,FALSE,FALSE,"lnL_M7",-2019.197499,"LRT_M1a_M2a",0.00296599999956015
"161","M7","ndhB",0.99851809910133,FALSE,FALSE,FALSE,"lnL_M7",-2019.197499,"LRT_M7_M8",-0.00301799999988361
"162","M7","ndhB",0.99851809910133,FALSE,FALSE,FALSE,"lnL_M7",-2019.197499,"p_M7_M8",1
"163","M8","ndhB",0.99851809910133,FALSE,FALSE,FALSE,"lnL_M8",-2019.199008,"LRT_M1a_M2a",0.00296599999956015
"164","M8","ndhB",0.99851809910133,FALSE,FALSE,FALSE,"lnL_M8",-2019.199008,"LRT_M7_M8",-0.00301799999988361
"165","M8","ndhB",0.99851809910133,FALSE,FALSE,FALSE,"lnL_M8",-2019.199008,"p_M7_M8",1
"166","M0","ndhC",0.999970000449958,FALSE,FALSE,FALSE,"lnL_M0",-461.917179,"LRT_M1a_M2a",6.00000000758882e-05
"167","M0","ndhC",0.999970000449958,FALSE,FALSE,FALSE,"lnL_M0",-461.917179,"LRT_M7_M8",-5.99999999622014e-05
"168","M0","ndhC",0.999970000449958,FALSE,FALSE,FALSE,"lnL_M0",-461.917179,"p_M7_M8",1
"169","M1a","ndhC",0.999970000449958,FALSE,FALSE,FALSE,"lnL_M1a",-461.916911,"LRT_M1a_M2a",6.00000000758882e-05
"170","M1a","ndhC",0.999970000449958,FALSE,FALSE,FALSE,"lnL_M1a",-461.916911,"LRT_M7_M8",-5.99999999622014e-05
"171","M1a","ndhC",0.999970000449958,FALSE,FALSE,FALSE,"lnL_M1a",-461.916911,"p_M7_M8",1
"172","M2a","ndhC",0.999970000449958,FALSE,FALSE,FALSE,"lnL_M2a",-461.916881,"LRT_M1a_M2a",6.00000000758882e-05
"173","M2a","ndhC",0.999970000449958,FALSE,FALSE,FALSE,"lnL_M2a",-461.916881,"LRT_M7_M8",-5.99999999622014e-05
"174","M2a","ndhC",0.999970000449958,FALSE,FALSE,FALSE,"lnL_M2a",-461.916881,"p_M7_M8",1
"175","M7","ndhC",0.999970000449958,FALSE,FALSE,FALSE,"lnL_M7",-461.916878,"LRT_M1a_M2a",6.00000000758882e-05
"176","M7","ndhC",0.999970000449958,FALSE,FALSE,FALSE,"lnL_M7",-461.916878,"LRT_M7_M8",-5.99999999622014e-05
"177","M7","ndhC",0.999970000449958,FALSE,FALSE,FALSE,"lnL_M7",-461.916878,"p_M7_M8",1
"178","M8","ndhC",0.999970000449958,FALSE,FALSE,FALSE,"lnL_M8",-461.916908,"LRT_M1a_M2a",6.00000000758882e-05
"179","M8","ndhC",0.999970000449958,FALSE,FALSE,FALSE,"lnL_M8",-461.916908,"LRT_M7_M8",-5.99999999622014e-05
"180","M8","ndhC",0.999970000449958,FALSE,FALSE,FALSE,"lnL_M8",-461.916908,"p_M7_M8",1
"181","M0","ndhE",1,FALSE,FALSE,FALSE,"lnL_M0",-383.438933,"LRT_M1a_M2a",0
"182","M0","ndhE",1,FALSE,FALSE,FALSE,"lnL_M0",-383.438933,"LRT_M7_M8",0
"183","M0","ndhE",1,FALSE,FALSE,FALSE,"lnL_M0",-383.438933,"p_M7_M8",1
"184","M1a","ndhE",1,FALSE,FALSE,FALSE,"lnL_M1a",-383.43833,"LRT_M1a_M2a",0
"185","M1a","ndhE",1,FALSE,FALSE,FALSE,"lnL_M1a",-383.43833,"LRT_M7_M8",0
"186","M1a","ndhE",1,FALSE,FALSE,FALSE,"lnL_M1a",-383.43833,"p_M7_M8",1
"187","M2a","ndhE",1,FALSE,FALSE,FALSE,"lnL_M2a",-383.43833,"LRT_M1a_M2a",0
"188","M2a","ndhE",1,FALSE,FALSE,FALSE,"lnL_M2a",-383.43833,"LRT_M7_M8",0
"189","M2a","ndhE",1,FALSE,FALSE,FALSE,"lnL_M2a",-383.43833,"p_M7_M8",1
"190","M7","ndhE",1,FALSE,FALSE,FALSE,"lnL_M7",-383.43833,"LRT_M1a_M2a",0
"191","M7","ndhE",1,FALSE,FALSE,FALSE,"lnL_M7",-383.43833,"LRT_M7_M8",0
"192","M7","ndhE",1,FALSE,FALSE,FALSE,"lnL_M7",-383.43833,"p_M7_M8",1
"193","M8","ndhE",1,FALSE,FALSE,FALSE,"lnL_M8",-383.43833,"LRT_M1a_M2a",0
"194","M8","ndhE",1,FALSE,FALSE,FALSE,"lnL_M8",-383.43833,"LRT_M7_M8",0
"195","M8","ndhE",1,FALSE,FALSE,FALSE,"lnL_M8",-383.43833,"p_M7_M8",1
"196","M0","ndhF",1,FALSE,FALSE,FALSE,"lnL_M0",-2902.617358,"LRT_M1a_M2a",0
"197","M0","ndhF",1,FALSE,FALSE,FALSE,"lnL_M0",-2902.617358,"LRT_M7_M8",2.00000067707151e-06
"198","M0","ndhF",1,FALSE,FALSE,FALSE,"lnL_M0",-2902.617358,"p_M7_M8",0.999999000000162
"199","M1a","ndhF",1,FALSE,FALSE,FALSE,"lnL_M1a",-2902.617358,"LRT_M1a_M2a",0
"200","M1a","ndhF",1,FALSE,FALSE,FALSE,"lnL_M1a",-2902.617358,"LRT_M7_M8",2.00000067707151e-06
"201","M1a","ndhF",1,FALSE,FALSE,FALSE,"lnL_M1a",-2902.617358,"p_M7_M8",0.999999000000162
"202","M2a","ndhF",1,FALSE,FALSE,FALSE,"lnL_M2a",-2902.617358,"LRT_M1a_M2a",0
"203","M2a","ndhF",1,FALSE,FALSE,FALSE,"lnL_M2a",-2902.617358,"LRT_M7_M8",2.00000067707151e-06
"204","M2a","ndhF",1,FALSE,FALSE,FALSE,"lnL_M2a",-2902.617358,"p_M7_M8",0.999999000000162
"205","M7","ndhF",1,FALSE,FALSE,FALSE,"lnL_M7",-2902.617384,"LRT_M1a_M2a",0
"206","M7","ndhF",1,FALSE,FALSE,FALSE,"lnL_M7",-2902.617384,"LRT_M7_M8",2.00000067707151e-06
"207","M7","ndhF",1,FALSE,FALSE,FALSE,"lnL_M7",-2902.617384,"p_M7_M8",0.999999000000162
"208","M8","ndhF",1,FALSE,FALSE,FALSE,"lnL_M8",-2902.617383,"LRT_M1a_M2a",0
"209","M8","ndhF",1,FALSE,FALSE,FALSE,"lnL_M8",-2902.617383,"LRT_M7_M8",2.00000067707151e-06
"210","M8","ndhF",1,FALSE,FALSE,FALSE,"lnL_M8",-2902.617383,"p_M7_M8",0.999999000000162
"211","M0","ndhG",0.671104779469058,FALSE,FALSE,FALSE,"lnL_M0",-689.559708,"LRT_M1a_M2a",0.797659999999951
"212","M0","ndhG",0.671104779469058,FALSE,FALSE,FALSE,"lnL_M0",-689.559708,"LRT_M7_M8",0.79633200000012
"213","M0","ndhG",0.671104779469058,FALSE,FALSE,FALSE,"lnL_M0",-689.559708,"p_M7_M8",0.671550541019025
"214","M1a","ndhG",0.671104779469058,FALSE,FALSE,FALSE,"lnL_M1a",-689.958538,"LRT_M1a_M2a",0.797659999999951
"215","M1a","ndhG",0.671104779469058,FALSE,FALSE,FALSE,"lnL_M1a",-689.958538,"LRT_M7_M8",0.79633200000012
"216","M1a","ndhG",0.671104779469058,FALSE,FALSE,FALSE,"lnL_M1a",-689.958538,"p_M7_M8",0.671550541019025
"217","M2a","ndhG",0.671104779469058,FALSE,FALSE,FALSE,"lnL_M2a",-689.559708,"LRT_M1a_M2a",0.797659999999951
"218","M2a","ndhG",0.671104779469058,FALSE,FALSE,FALSE,"lnL_M2a",-689.559708,"LRT_M7_M8",0.79633200000012
"219","M2a","ndhG",0.671104779469058,FALSE,FALSE,FALSE,"lnL_M2a",-689.559708,"p_M7_M8",0.671550541019025
"220","M7","ndhG",0.671104779469058,FALSE,FALSE,FALSE,"lnL_M7",-689.95852,"LRT_M1a_M2a",0.797659999999951
"221","M7","ndhG",0.671104779469058,FALSE,FALSE,FALSE,"lnL_M7",-689.95852,"LRT_M7_M8",0.79633200000012
"222","M7","ndhG",0.671104779469058,FALSE,FALSE,FALSE,"lnL_M7",-689.95852,"p_M7_M8",0.671550541019025
"223","M8","ndhG",0.671104779469058,FALSE,FALSE,FALSE,"lnL_M8",-689.560354,"LRT_M1a_M2a",0.797659999999951
"224","M8","ndhG",0.671104779469058,FALSE,FALSE,FALSE,"lnL_M8",-689.560354,"LRT_M7_M8",0.79633200000012
"225","M8","ndhG",0.671104779469058,FALSE,FALSE,FALSE,"lnL_M8",-689.560354,"p_M7_M8",0.671550541019025
"226","M0","ndhH",0.351074790453202,FALSE,FALSE,FALSE,"lnL_M0",-1637.639749,"LRT_M1a_M2a",2.09351199999992
"227","M0","ndhH",0.351074790453202,FALSE,FALSE,FALSE,"lnL_M0",-1637.639749,"LRT_M7_M8",2.13869400000021
"228","M0","ndhH",0.351074790453202,FALSE,FALSE,FALSE,"lnL_M0",-1637.639749,"p_M7_M8",0.343232575127425
"229","M1a","ndhH",0.351074790453202,FALSE,FALSE,FALSE,"lnL_M1a",-1635.721914,"LRT_M1a_M2a",2.09351199999992
"230","M1a","ndhH",0.351074790453202,FALSE,FALSE,FALSE,"lnL_M1a",-1635.721914,"LRT_M7_M8",2.13869400000021
"231","M1a","ndhH",0.351074790453202,FALSE,FALSE,FALSE,"lnL_M1a",-1635.721914,"p_M7_M8",0.343232575127425
"232","M2a","ndhH",0.351074790453202,FALSE,FALSE,FALSE,"lnL_M2a",-1634.675158,"LRT_M1a_M2a",2.09351199999992
"233","M2a","ndhH",0.351074790453202,FALSE,FALSE,FALSE,"lnL_M2a",-1634.675158,"LRT_M7_M8",2.13869400000021
"234","M2a","ndhH",0.351074790453202,FALSE,FALSE,FALSE,"lnL_M2a",-1634.675158,"p_M7_M8",0.343232575127425
"235","M7","ndhH",0.351074790453202,FALSE,FALSE,FALSE,"lnL_M7",-1635.744504,"LRT_M1a_M2a",2.09351199999992
"236","M7","ndhH",0.351074790453202,FALSE,FALSE,FALSE,"lnL_M7",-1635.744504,"LRT_M7_M8",2.13869400000021
"237","M7","ndhH",0.351074790453202,FALSE,FALSE,FALSE,"lnL_M7",-1635.744504,"p_M7_M8",0.343232575127425
"238","M8","ndhH",0.351074790453202,FALSE,FALSE,FALSE,"lnL_M8",-1634.675157,"LRT_M1a_M2a",2.09351199999992
"239","M8","ndhH",0.351074790453202,FALSE,FALSE,FALSE,"lnL_M8",-1634.675157,"LRT_M7_M8",2.13869400000021
"240","M8","ndhH",0.351074790453202,FALSE,FALSE,FALSE,"lnL_M8",-1634.675157,"p_M7_M8",0.343232575127425
"241","M0","ndhI",0.908892003403329,FALSE,FALSE,FALSE,"lnL_M0",-706.325312,"LRT_M1a_M2a",0.191058000000112
"242","M0","ndhI",0.908892003403329,FALSE,FALSE,FALSE,"lnL_M0",-706.325312,"LRT_M7_M8",0.193072000000029
"243","M0","ndhI",0.908892003403329,FALSE,FALSE,FALSE,"lnL_M0",-706.325312,"p_M7_M8",0.907977209831806
"244","M1a","ndhI",0.908892003403329,FALSE,FALSE,FALSE,"lnL_M1a",-706.308707,"LRT_M1a_M2a",0.191058000000112
"245","M1a","ndhI",0.908892003403329,FALSE,FALSE,FALSE,"lnL_M1a",-706.308707,"LRT_M7_M8",0.193072000000029
"246","M1a","ndhI",0.908892003403329,FALSE,FALSE,FALSE,"lnL_M1a",-706.308707,"p_M7_M8",0.907977209831806
"247","M2a","ndhI",0.908892003403329,FALSE,FALSE,FALSE,"lnL_M2a",-706.213178,"LRT_M1a_M2a",0.191058000000112
"248","M2a","ndhI",0.908892003403329,FALSE,FALSE,FALSE,"lnL_M2a",-706.213178,"LRT_M7_M8",0.193072000000029
"249","M2a","ndhI",0.908892003403329,FALSE,FALSE,FALSE,"lnL_M2a",-706.213178,"p_M7_M8",0.907977209831806
"250","M7","ndhI",0.908892003403329,FALSE,FALSE,FALSE,"lnL_M7",-706.309714,"LRT_M1a_M2a",0.191058000000112
"251","M7","ndhI",0.908892003403329,FALSE,FALSE,FALSE,"lnL_M7",-706.309714,"LRT_M7_M8",0.193072000000029
"252","M7","ndhI",0.908892003403329,FALSE,FALSE,FALSE,"lnL_M7",-706.309714,"p_M7_M8",0.907977209831806
"253","M8","ndhI",0.908892003403329,FALSE,FALSE,FALSE,"lnL_M8",-706.213178,"LRT_M1a_M2a",0.191058000000112
"254","M8","ndhI",0.908892003403329,FALSE,FALSE,FALSE,"lnL_M8",-706.213178,"LRT_M7_M8",0.193072000000029
"255","M8","ndhI",0.908892003403329,FALSE,FALSE,FALSE,"lnL_M8",-706.213178,"p_M7_M8",0.907977209831806
"256","M0","ndhJ",0.865950960171961,FALSE,FALSE,FALSE,"lnL_M0",-637.473803,"LRT_M1a_M2a",0.287854000000152
"257","M0","ndhJ",0.865950960171961,FALSE,FALSE,FALSE,"lnL_M0",-637.473803,"LRT_M7_M8",0.326291999999967
"258","M0","ndhJ",0.865950960171961,FALSE,FALSE,FALSE,"lnL_M0",-637.473803,"p_M7_M8",0.849467157155598
"259","M1a","ndhJ",0.865950960171961,FALSE,FALSE,FALSE,"lnL_M1a",-637.61773,"LRT_M1a_M2a",0.287854000000152
"260","M1a","ndhJ",0.865950960171961,FALSE,FALSE,FALSE,"lnL_M1a",-637.61773,"LRT_M7_M8",0.326291999999967
"261","M1a","ndhJ",0.865950960171961,FALSE,FALSE,FALSE,"lnL_M1a",-637.61773,"p_M7_M8",0.849467157155598
"262","M2a","ndhJ",0.865950960171961,FALSE,FALSE,FALSE,"lnL_M2a",-637.473803,"LRT_M1a_M2a",0.287854000000152
"263","M2a","ndhJ",0.865950960171961,FALSE,FALSE,FALSE,"lnL_M2a",-637.473803,"LRT_M7_M8",0.326291999999967
"264","M2a","ndhJ",0.865950960171961,FALSE,FALSE,FALSE,"lnL_M2a",-637.473803,"p_M7_M8",0.849467157155598
"265","M7","ndhJ",0.865950960171961,FALSE,FALSE,FALSE,"lnL_M7",-637.636949,"LRT_M1a_M2a",0.287854000000152
"266","M7","ndhJ",0.865950960171961,FALSE,FALSE,FALSE,"lnL_M7",-637.636949,"LRT_M7_M8",0.326291999999967
"267","M7","ndhJ",0.865950960171961,FALSE,FALSE,FALSE,"lnL_M7",-637.636949,"p_M7_M8",0.849467157155598
"268","M8","ndhJ",0.865950960171961,FALSE,FALSE,FALSE,"lnL_M8",-637.473803,"LRT_M1a_M2a",0.287854000000152
"269","M8","ndhJ",0.865950960171961,FALSE,FALSE,FALSE,"lnL_M8",-637.473803,"LRT_M7_M8",0.326291999999967
"270","M8","ndhJ",0.865950960171961,FALSE,FALSE,FALSE,"lnL_M8",-637.473803,"p_M7_M8",0.849467157155598
"271","M0","ndhK",0.999875007812149,FALSE,FALSE,FALSE,"lnL_M0",-915.744052,"LRT_M1a_M2a",0.000250000000050932
"272","M0","ndhK",0.999875007812149,FALSE,FALSE,FALSE,"lnL_M0",-915.744052,"LRT_M7_M8",-0.000250000000050932
"273","M0","ndhK",0.999875007812149,FALSE,FALSE,FALSE,"lnL_M0",-915.744052,"p_M7_M8",1
"274","M1a","ndhK",0.999875007812149,FALSE,FALSE,FALSE,"lnL_M1a",-915.742895,"LRT_M1a_M2a",0.000250000000050932
"275","M1a","ndhK",0.999875007812149,FALSE,FALSE,FALSE,"lnL_M1a",-915.742895,"LRT_M7_M8",-0.000250000000050932
"276","M1a","ndhK",0.999875007812149,FALSE,FALSE,FALSE,"lnL_M1a",-915.742895,"p_M7_M8",1
"277","M2a","ndhK",0.999875007812149,FALSE,FALSE,FALSE,"lnL_M2a",-915.74277,"LRT_M1a_M2a",0.000250000000050932
"278","M2a","ndhK",0.999875007812149,FALSE,FALSE,FALSE,"lnL_M2a",-915.74277,"LRT_M7_M8",-0.000250000000050932
"279","M2a","ndhK",0.999875007812149,FALSE,FALSE,FALSE,"lnL_M2a",-915.74277,"p_M7_M8",1
"280","M7","ndhK",0.999875007812149,FALSE,FALSE,FALSE,"lnL_M7",-915.742758,"LRT_M1a_M2a",0.000250000000050932
"281","M7","ndhK",0.999875007812149,FALSE,FALSE,FALSE,"lnL_M7",-915.742758,"LRT_M7_M8",-0.000250000000050932
"282","M7","ndhK",0.999875007812149,FALSE,FALSE,FALSE,"lnL_M7",-915.742758,"p_M7_M8",1
"283","M8","ndhK",0.999875007812149,FALSE,FALSE,FALSE,"lnL_M8",-915.742883,"LRT_M1a_M2a",0.000250000000050932
"284","M8","ndhK",0.999875007812149,FALSE,FALSE,FALSE,"lnL_M8",-915.742883,"LRT_M7_M8",-0.000250000000050932
"285","M8","ndhK",0.999875007812149,FALSE,FALSE,FALSE,"lnL_M8",-915.742883,"p_M7_M8",1
"286","M0","pafI",0.999991000040409,FALSE,FALSE,FALSE,"lnL_M0",-693.959041,"LRT_M1a_M2a",1.8000000181928e-05
"287","M0","pafI",0.999991000040409,FALSE,FALSE,FALSE,"lnL_M0",-693.959041,"LRT_M7_M8",-0.12155800000005
"288","M0","pafI",0.999991000040409,FALSE,FALSE,FALSE,"lnL_M0",-693.959041,"p_M7_M8",1
"289","M1a","pafI",0.999991000040409,FALSE,FALSE,FALSE,"lnL_M1a",-693.95905,"LRT_M1a_M2a",1.8000000181928e-05
"290","M1a","pafI",0.999991000040409,FALSE,FALSE,FALSE,"lnL_M1a",-693.95905,"LRT_M7_M8",-0.12155800000005
"291","M1a","pafI",0.999991000040409,FALSE,FALSE,FALSE,"lnL_M1a",-693.95905,"p_M7_M8",1
"292","M2a","pafI",0.999991000040409,FALSE,FALSE,FALSE,"lnL_M2a",-693.959041,"LRT_M1a_M2a",1.8000000181928e-05
"293","M2a","pafI",0.999991000040409,FALSE,FALSE,FALSE,"lnL_M2a",-693.959041,"LRT_M7_M8",-0.12155800000005
"294","M2a","pafI",0.999991000040409,FALSE,FALSE,FALSE,"lnL_M2a",-693.959041,"p_M7_M8",1
"295","M7","pafI",0.999991000040409,FALSE,FALSE,FALSE,"lnL_M7",-693.959531,"LRT_M1a_M2a",1.8000000181928e-05
"296","M7","pafI",0.999991000040409,FALSE,FALSE,FALSE,"lnL_M7",-693.959531,"LRT_M7_M8",-0.12155800000005
"297","M7","pafI",0.999991000040409,FALSE,FALSE,FALSE,"lnL_M7",-693.959531,"p_M7_M8",1
"298","M8","pafI",0.999991000040409,FALSE,FALSE,FALSE,"lnL_M8",-694.02031,"LRT_M1a_M2a",1.8000000181928e-05
"299","M8","pafI",0.999991000040409,FALSE,FALSE,FALSE,"lnL_M8",-694.02031,"LRT_M7_M8",-0.12155800000005
"300","M8","pafI",0.999991000040409,FALSE,FALSE,FALSE,"lnL_M8",-694.02031,"p_M7_M8",1
"301","M0","pafII",0.99997500031256,FALSE,FALSE,FALSE,"lnL_M0",-730.0019,"LRT_M1a_M2a",4.99999998737621e-05
"302","M0","pafII",0.99997500031256,FALSE,FALSE,FALSE,"lnL_M0",-730.0019,"LRT_M7_M8",-0.00339199999984885
"303","M0","pafII",0.99997500031256,FALSE,FALSE,FALSE,"lnL_M0",-730.0019,"p_M7_M8",1
"304","M1a","pafII",0.99997500031256,FALSE,FALSE,FALSE,"lnL_M1a",-730.001675,"LRT_M1a_M2a",4.99999998737621e-05
"305","M1a","pafII",0.99997500031256,FALSE,FALSE,FALSE,"lnL_M1a",-730.001675,"LRT_M7_M8",-0.00339199999984885
"306","M1a","pafII",0.99997500031256,FALSE,FALSE,FALSE,"lnL_M1a",-730.001675,"p_M7_M8",1
"307","M2a","pafII",0.99997500031256,FALSE,FALSE,FALSE,"lnL_M2a",-730.00165,"LRT_M1a_M2a",4.99999998737621e-05
"308","M2a","pafII",0.99997500031256,FALSE,FALSE,FALSE,"lnL_M2a",-730.00165,"LRT_M7_M8",-0.00339199999984885
"309","M2a","pafII",0.99997500031256,FALSE,FALSE,FALSE,"lnL_M2a",-730.00165,"p_M7_M8",1
"310","M7","pafII",0.99997500031256,FALSE,FALSE,FALSE,"lnL_M7",-730.001648,"LRT_M1a_M2a",4.99999998737621e-05
"311","M7","pafII",0.99997500031256,FALSE,FALSE,FALSE,"lnL_M7",-730.001648,"LRT_M7_M8",-0.00339199999984885
"312","M7","pafII",0.99997500031256,FALSE,FALSE,FALSE,"lnL_M7",-730.001648,"p_M7_M8",1
"313","M8","pafII",0.99997500031256,FALSE,FALSE,FALSE,"lnL_M8",-730.003344,"LRT_M1a_M2a",4.99999998737621e-05
"314","M8","pafII",0.99997500031256,FALSE,FALSE,FALSE,"lnL_M8",-730.003344,"LRT_M7_M8",-0.00339199999984885
"315","M8","pafII",0.99997500031256,FALSE,FALSE,FALSE,"lnL_M8",-730.003344,"p_M7_M8",1
"316","M0","petA",0.0140085839216232,TRUE,TRUE,TRUE,"lnL_M0",-1320.320987,"LRT_M1a_M2a",8.53616999999986
"317","M0","petA",0.0140085839216232,TRUE,TRUE,TRUE,"lnL_M0",-1320.320987,"LRT_M7_M8",8.52583000000004
"318","M0","petA",0.0140085839216232,TRUE,TRUE,TRUE,"lnL_M0",-1320.320987,"p_M7_M8",0.0140811958405709
"319","M1a","petA",0.0140085839216232,TRUE,TRUE,TRUE,"lnL_M1a",-1321.537817,"LRT_M1a_M2a",8.53616999999986
"320","M1a","petA",0.0140085839216232,TRUE,TRUE,TRUE,"lnL_M1a",-1321.537817,"LRT_M7_M8",8.52583000000004
"321","M1a","petA",0.0140085839216232,TRUE,TRUE,TRUE,"lnL_M1a",-1321.537817,"p_M7_M8",0.0140811958405709
"322","M2a","petA",0.0140085839216232,TRUE,TRUE,TRUE,"lnL_M2a",-1317.269732,"LRT_M1a_M2a",8.53616999999986
"323","M2a","petA",0.0140085839216232,TRUE,TRUE,TRUE,"lnL_M2a",-1317.269732,"LRT_M7_M8",8.52583000000004
"324","M2a","petA",0.0140085839216232,TRUE,TRUE,TRUE,"lnL_M2a",-1317.269732,"p_M7_M8",0.0140811958405709
"325","M7","petA",0.0140085839216232,TRUE,TRUE,TRUE,"lnL_M7",-1321.53782,"LRT_M1a_M2a",8.53616999999986
"326","M7","petA",0.0140085839216232,TRUE,TRUE,TRUE,"lnL_M7",-1321.53782,"LRT_M7_M8",8.52583000000004
"327","M7","petA",0.0140085839216232,TRUE,TRUE,TRUE,"lnL_M7",-1321.53782,"p_M7_M8",0.0140811958405709
"328","M8","petA",0.0140085839216232,TRUE,TRUE,TRUE,"lnL_M8",-1317.274905,"LRT_M1a_M2a",8.53616999999986
"329","M8","petA",0.0140085839216232,TRUE,TRUE,TRUE,"lnL_M8",-1317.274905,"LRT_M7_M8",8.52583000000004
"330","M8","petA",0.0140085839216232,TRUE,TRUE,TRUE,"lnL_M8",-1317.274905,"p_M7_M8",0.0140811958405709
"331","M0","petB",0.999919003280389,FALSE,FALSE,FALSE,"lnL_M0",-869.763073,"LRT_M1a_M2a",0.000162000000045737
"332","M0","petB",0.999919003280389,FALSE,FALSE,FALSE,"lnL_M0",-869.763073,"LRT_M7_M8",-0.000160000000050786
"333","M0","petB",0.999919003280389,FALSE,FALSE,FALSE,"lnL_M0",-869.763073,"p_M7_M8",1
"334","M1a","petB",0.999919003280389,FALSE,FALSE,FALSE,"lnL_M1a",-869.762334,"LRT_M1a_M2a",0.000162000000045737
"335","M1a","petB",0.999919003280389,FALSE,FALSE,FALSE,"lnL_M1a",-869.762334,"LRT_M7_M8",-0.000160000000050786
"336","M1a","petB",0.999919003280389,FALSE,FALSE,FALSE,"lnL_M1a",-869.762334,"p_M7_M8",1
"337","M2a","petB",0.999919003280389,FALSE,FALSE,FALSE,"lnL_M2a",-869.762253,"LRT_M1a_M2a",0.000162000000045737
"338","M2a","petB",0.999919003280389,FALSE,FALSE,FALSE,"lnL_M2a",-869.762253,"LRT_M7_M8",-0.000160000000050786
"339","M2a","petB",0.999919003280389,FALSE,FALSE,FALSE,"lnL_M2a",-869.762253,"p_M7_M8",1
"340","M7","petB",0.999919003280389,FALSE,FALSE,FALSE,"lnL_M7",-869.762245,"LRT_M1a_M2a",0.000162000000045737
"341","M7","petB",0.999919003280389,FALSE,FALSE,FALSE,"lnL_M7",-869.762245,"LRT_M7_M8",-0.000160000000050786
"342","M7","petB",0.999919003280389,FALSE,FALSE,FALSE,"lnL_M7",-869.762245,"p_M7_M8",1
"343","M8","petB",0.999919003280389,FALSE,FALSE,FALSE,"lnL_M8",-869.762325,"LRT_M1a_M2a",0.000162000000045737
"344","M8","petB",0.999919003280389,FALSE,FALSE,FALSE,"lnL_M8",-869.762325,"LRT_M7_M8",-0.000160000000050786
"345","M8","petB",0.999919003280389,FALSE,FALSE,FALSE,"lnL_M8",-869.762325,"p_M7_M8",1
"346","M0","petD",0.446248637104738,FALSE,FALSE,FALSE,"lnL_M0",-635.473684,"LRT_M1a_M2a",1.61375799999996
"347","M0","petD",0.446248637104738,FALSE,FALSE,FALSE,"lnL_M0",-635.473684,"LRT_M7_M8",1.61573199999998
"348","M0","petD",0.446248637104738,FALSE,FALSE,FALSE,"lnL_M0",-635.473684,"p_M7_M8",0.445808406989212
"349","M1a","petD",0.446248637104738,FALSE,FALSE,FALSE,"lnL_M1a",-635.466144,"LRT_M1a_M2a",1.61375799999996
"350","M1a","petD",0.446248637104738,FALSE,FALSE,FALSE,"lnL_M1a",-635.466144,"LRT_M7_M8",1.61573199999998
"351","M1a","petD",0.446248637104738,FALSE,FALSE,FALSE,"lnL_M1a",-635.466144,"p_M7_M8",0.445808406989212
"352","M2a","petD",0.446248637104738,FALSE,FALSE,FALSE,"lnL_M2a",-634.659265,"LRT_M1a_M2a",1.61375799999996
"353","M2a","petD",0.446248637104738,FALSE,FALSE,FALSE,"lnL_M2a",-634.659265,"LRT_M7_M8",1.61573199999998
"354","M2a","petD",0.446248637104738,FALSE,FALSE,FALSE,"lnL_M2a",-634.659265,"p_M7_M8",0.445808406989212
"355","M7","petD",0.446248637104738,FALSE,FALSE,FALSE,"lnL_M7",-635.467129,"LRT_M1a_M2a",1.61375799999996
"356","M7","petD",0.446248637104738,FALSE,FALSE,FALSE,"lnL_M7",-635.467129,"LRT_M7_M8",1.61573199999998
"357","M7","petD",0.446248637104738,FALSE,FALSE,FALSE,"lnL_M7",-635.467129,"p_M7_M8",0.445808406989212
"358","M8","petD",0.446248637104738,FALSE,FALSE,FALSE,"lnL_M8",-634.659263,"LRT_M1a_M2a",1.61375799999996
"359","M8","petD",0.446248637104738,FALSE,FALSE,FALSE,"lnL_M8",-634.659263,"LRT_M7_M8",1.61573199999998
"360","M8","petD",0.446248637104738,FALSE,FALSE,FALSE,"lnL_M8",-634.659263,"p_M7_M8",0.445808406989212
"361","M0","psaA",0.999864009247469,FALSE,FALSE,FALSE,"lnL_M0",-3065.52828,"LRT_M1a_M2a",0.000272000000222761
"362","M0","psaA",0.999864009247469,FALSE,FALSE,FALSE,"lnL_M0",-3065.52828,"LRT_M7_M8",-0.000546000000213098
"363","M0","psaA",0.999864009247469,FALSE,FALSE,FALSE,"lnL_M0",-3065.52828,"p_M7_M8",1
"364","M1a","psaA",0.999864009247469,FALSE,FALSE,FALSE,"lnL_M1a",-3065.527058,"LRT_M1a_M2a",0.000272000000222761
"365","M1a","psaA",0.999864009247469,FALSE,FALSE,FALSE,"lnL_M1a",-3065.527058,"LRT_M7_M8",-0.000546000000213098
"366","M1a","psaA",0.999864009247469,FALSE,FALSE,FALSE,"lnL_M1a",-3065.527058,"p_M7_M8",1
"367","M2a","psaA",0.999864009247469,FALSE,FALSE,FALSE,"lnL_M2a",-3065.526922,"LRT_M1a_M2a",0.000272000000222761
"368","M2a","psaA",0.999864009247469,FALSE,FALSE,FALSE,"lnL_M2a",-3065.526922,"LRT_M7_M8",-0.000546000000213098
"369","M2a","psaA",0.999864009247469,FALSE,FALSE,FALSE,"lnL_M2a",-3065.526922,"p_M7_M8",1
"370","M7","psaA",0.999864009247469,FALSE,FALSE,FALSE,"lnL_M7",-3065.52691,"LRT_M1a_M2a",0.000272000000222761
"371","M7","psaA",0.999864009247469,FALSE,FALSE,FALSE,"lnL_M7",-3065.52691,"LRT_M7_M8",-0.000546000000213098
"372","M7","psaA",0.999864009247469,FALSE,FALSE,FALSE,"lnL_M7",-3065.52691,"p_M7_M8",1
"373","M8","psaA",0.999864009247469,FALSE,FALSE,FALSE,"lnL_M8",-3065.527183,"LRT_M1a_M2a",0.000272000000222761
"374","M8","psaA",0.999864009247469,FALSE,FALSE,FALSE,"lnL_M8",-3065.527183,"LRT_M7_M8",-0.000546000000213098
"375","M8","psaA",0.999864009247469,FALSE,FALSE,FALSE,"lnL_M8",-3065.527183,"p_M7_M8",1
"376","M0","psaB",0.999858010081654,FALSE,FALSE,FALSE,"lnL_M0",-2986.056982,"LRT_M1a_M2a",0.000283999999737716
"377","M0","psaB",0.999858010081654,FALSE,FALSE,FALSE,"lnL_M0",-2986.056982,"LRT_M7_M8",-0.0418159999999261
"378","M0","psaB",0.999858010081654,FALSE,FALSE,FALSE,"lnL_M0",-2986.056982,"p_M7_M8",1
"379","M1a","psaB",0.999858010081654,FALSE,FALSE,FALSE,"lnL_M1a",-2986.055704,"LRT_M1a_M2a",0.000283999999737716
"380","M1a","psaB",0.999858010081654,FALSE,FALSE,FALSE,"lnL_M1a",-2986.055704,"LRT_M7_M8",-0.0418159999999261
"381","M1a","psaB",0.999858010081654,FALSE,FALSE,FALSE,"lnL_M1a",-2986.055704,"p_M7_M8",1
"382","M2a","psaB",0.999858010081654,FALSE,FALSE,FALSE,"lnL_M2a",-2986.055562,"LRT_M1a_M2a",0.000283999999737716
"383","M2a","psaB",0.999858010081654,FALSE,FALSE,FALSE,"lnL_M2a",-2986.055562,"LRT_M7_M8",-0.0418159999999261
"384","M2a","psaB",0.999858010081654,FALSE,FALSE,FALSE,"lnL_M2a",-2986.055562,"p_M7_M8",1
"385","M7","psaB",0.999858010081654,FALSE,FALSE,FALSE,"lnL_M7",-2986.055548,"LRT_M1a_M2a",0.000283999999737716
"386","M7","psaB",0.999858010081654,FALSE,FALSE,FALSE,"lnL_M7",-2986.055548,"LRT_M7_M8",-0.0418159999999261
"387","M7","psaB",0.999858010081654,FALSE,FALSE,FALSE,"lnL_M7",-2986.055548,"p_M7_M8",1
"388","M8","psaB",0.999858010081654,FALSE,FALSE,FALSE,"lnL_M8",-2986.076456,"LRT_M1a_M2a",0.000283999999737716
"389","M8","psaB",0.999858010081654,FALSE,FALSE,FALSE,"lnL_M8",-2986.076456,"LRT_M7_M8",-0.0418159999999261
"390","M8","psaB",0.999858010081654,FALSE,FALSE,FALSE,"lnL_M8",-2986.076456,"p_M7_M8",1
"391","M0","psaC",0.999488131049618,FALSE,FALSE,FALSE,"lnL_M0",-318.191472,"LRT_M1a_M2a",0.00102400000002945
"392","M0","psaC",0.999488131049618,FALSE,FALSE,FALSE,"lnL_M0",-318.191472,"LRT_M7_M8",0
"393","M0","psaC",0.999488131049618,FALSE,FALSE,FALSE,"lnL_M0",-318.191472,"p_M7_M8",1
"394","M1a","psaC",0.999488131049618,FALSE,FALSE,FALSE,"lnL_M1a",-318.191526,"LRT_M1a_M2a",0.00102400000002945
"395","M1a","psaC",0.999488131049618,FALSE,FALSE,FALSE,"lnL_M1a",-318.191526,"LRT_M7_M8",0
"396","M1a","psaC",0.999488131049618,FALSE,FALSE,FALSE,"lnL_M1a",-318.191526,"p_M7_M8",1
"397","M2a","psaC",0.999488131049618,FALSE,FALSE,FALSE,"lnL_M2a",-318.191014,"LRT_M1a_M2a",0.00102400000002945
"398","M2a","psaC",0.999488131049618,FALSE,FALSE,FALSE,"lnL_M2a",-318.191014,"LRT_M7_M8",0
"399","M2a","psaC",0.999488131049618,FALSE,FALSE,FALSE,"lnL_M2a",-318.191014,"p_M7_M8",1
"400","M7","psaC",0.999488131049618,FALSE,FALSE,FALSE,"lnL_M7",-318.191014,"LRT_M1a_M2a",0.00102400000002945
"401","M7","psaC",0.999488131049618,FALSE,FALSE,FALSE,"lnL_M7",-318.191014,"LRT_M7_M8",0
"402","M7","psaC",0.999488131049618,FALSE,FALSE,FALSE,"lnL_M7",-318.191014,"p_M7_M8",1
"403","M8","psaC",0.999488131049618,FALSE,FALSE,FALSE,"lnL_M8",-318.191014,"LRT_M1a_M2a",0.00102400000002945
"404","M8","psaC",0.999488131049618,FALSE,FALSE,FALSE,"lnL_M8",-318.191014,"LRT_M7_M8",0
"405","M8","psaC",0.999488131049618,FALSE,FALSE,FALSE,"lnL_M8",-318.191014,"p_M7_M8",1
"406","M0","psbA",0.999891005940446,FALSE,FALSE,FALSE,"lnL_M0",-1417.615894,"LRT_M1a_M2a",0.000217999999676977
"407","M0","psbA",0.999891005940446,FALSE,FALSE,FALSE,"lnL_M0",-1417.615894,"LRT_M7_M8",-0.000207999999929598
"408","M0","psbA",0.999891005940446,FALSE,FALSE,FALSE,"lnL_M0",-1417.615894,"p_M7_M8",1
"409","M1a","psbA",0.999891005940446,FALSE,FALSE,FALSE,"lnL_M1a",-1417.614903,"LRT_M1a_M2a",0.000217999999676977
"410","M1a","psbA",0.999891005940446,FALSE,FALSE,FALSE,"lnL_M1a",-1417.614903,"LRT_M7_M8",-0.000207999999929598
"411","M1a","psbA",0.999891005940446,FALSE,FALSE,FALSE,"lnL_M1a",-1417.614903,"p_M7_M8",1
"412","M2a","psbA",0.999891005940446,FALSE,FALSE,FALSE,"lnL_M2a",-1417.614794,"LRT_M1a_M2a",0.000217999999676977
"413","M2a","psbA",0.999891005940446,FALSE,FALSE,FALSE,"lnL_M2a",-1417.614794,"LRT_M7_M8",-0.000207999999929598
"414","M2a","psbA",0.999891005940446,FALSE,FALSE,FALSE,"lnL_M2a",-1417.614794,"p_M7_M8",1
"415","M7","psbA",0.999891005940446,FALSE,FALSE,FALSE,"lnL_M7",-1417.614788,"LRT_M1a_M2a",0.000217999999676977
"416","M7","psbA",0.999891005940446,FALSE,FALSE,FALSE,"lnL_M7",-1417.614788,"LRT_M7_M8",-0.000207999999929598
"417","M7","psbA",0.999891005940446,FALSE,FALSE,FALSE,"lnL_M7",-1417.614788,"p_M7_M8",1
"418","M8","psbA",0.999891005940446,FALSE,FALSE,FALSE,"lnL_M8",-1417.614892,"LRT_M1a_M2a",0.000217999999676977
"419","M8","psbA",0.999891005940446,FALSE,FALSE,FALSE,"lnL_M8",-1417.614892,"LRT_M7_M8",-0.000207999999929598
"420","M8","psbA",0.999891005940446,FALSE,FALSE,FALSE,"lnL_M8",-1417.614892,"p_M7_M8",1
"421","M0","psbB",0.999834013776975,FALSE,FALSE,FALSE,"lnL_M0",-2053.149822,"LRT_M1a_M2a",0.000332000000526023
"422","M0","psbB",0.999834013776975,FALSE,FALSE,FALSE,"lnL_M0",-2053.149822,"LRT_M7_M8",-0.000333999999384105
"423","M0","psbB",0.999834013776975,FALSE,FALSE,FALSE,"lnL_M0",-2053.149822,"p_M7_M8",1
"424","M1a","psbB",0.999834013776975,FALSE,FALSE,FALSE,"lnL_M1a",-2053.148306,"LRT_M1a_M2a",0.000332000000526023
"425","M1a","psbB",0.999834013776975,FALSE,FALSE,FALSE,"lnL_M1a",-2053.148306,"LRT_M7_M8",-0.000333999999384105
"426","M1a","psbB",0.999834013776975,FALSE,FALSE,FALSE,"lnL_M1a",-2053.148306,"p_M7_M8",1
"427","M2a","psbB",0.999834013776975,FALSE,FALSE,FALSE,"lnL_M2a",-2053.14814,"LRT_M1a_M2a",0.000332000000526023
"428","M2a","psbB",0.999834013776975,FALSE,FALSE,FALSE,"lnL_M2a",-2053.14814,"LRT_M7_M8",-0.000333999999384105
"429","M2a","psbB",0.999834013776975,FALSE,FALSE,FALSE,"lnL_M2a",-2053.14814,"p_M7_M8",1
"430","M7","psbB",0.999834013776975,FALSE,FALSE,FALSE,"lnL_M7",-2053.148125,"LRT_M1a_M2a",0.000332000000526023
"431","M7","psbB",0.999834013776975,FALSE,FALSE,FALSE,"lnL_M7",-2053.148125,"LRT_M7_M8",-0.000333999999384105
"432","M7","psbB",0.999834013776975,FALSE,FALSE,FALSE,"lnL_M7",-2053.148125,"p_M7_M8",1
"433","M8","psbB",0.999834013776975,FALSE,FALSE,FALSE,"lnL_M8",-2053.148292,"LRT_M1a_M2a",0.000332000000526023
"434","M8","psbB",0.999834013776975,FALSE,FALSE,FALSE,"lnL_M8",-2053.148292,"LRT_M7_M8",-0.000333999999384105
"435","M8","psbB",0.999834013776975,FALSE,FALSE,FALSE,"lnL_M8",-2053.148292,"p_M7_M8",1
"436","M0","psbD",0.999977000264442,FALSE,FALSE,FALSE,"lnL_M0",-1408.091415,"LRT_M1a_M2a",4.60000001112348e-05
"437","M0","psbD",0.999977000264442,FALSE,FALSE,FALSE,"lnL_M0",-1408.091415,"LRT_M7_M8",0.00293000000010579
"438","M0","psbD",0.999977000264442,FALSE,FALSE,FALSE,"lnL_M0",-1408.091415,"p_M7_M8",0.998536072588602
"439","M1a","psbD",0.999977000264442,FALSE,FALSE,FALSE,"lnL_M1a",-1408.091208,"LRT_M1a_M2a",4.60000001112348e-05
"440","M1a","psbD",0.999977000264442,FALSE,FALSE,FALSE,"lnL_M1a",-1408.091208,"LRT_M7_M8",0.00293000000010579
"441","M1a","psbD",0.999977000264442,FALSE,FALSE,FALSE,"lnL_M1a",-1408.091208,"p_M7_M8",0.998536072588602
"442","M2a","psbD",0.999977000264442,FALSE,FALSE,FALSE,"lnL_M2a",-1408.091185,"LRT_M1a_M2a",4.60000001112348e-05
"443","M2a","psbD",0.999977000264442,FALSE,FALSE,FALSE,"lnL_M2a",-1408.091185,"LRT_M7_M8",0.00293000000010579
"444","M2a","psbD",0.999977000264442,FALSE,FALSE,FALSE,"lnL_M2a",-1408.091185,"p_M7_M8",0.998536072588602
"445","M7","psbD",0.999977000264442,FALSE,FALSE,FALSE,"lnL_M7",-1408.09267,"LRT_M1a_M2a",4.60000001112348e-05
"446","M7","psbD",0.999977000264442,FALSE,FALSE,FALSE,"lnL_M7",-1408.09267,"LRT_M7_M8",0.00293000000010579
"447","M7","psbD",0.999977000264442,FALSE,FALSE,FALSE,"lnL_M7",-1408.09267,"p_M7_M8",0.998536072588602
"448","M8","psbD",0.999977000264442,FALSE,FALSE,FALSE,"lnL_M8",-1408.091205,"LRT_M1a_M2a",4.60000001112348e-05
"449","M8","psbD",0.999977000264442,FALSE,FALSE,FALSE,"lnL_M8",-1408.091205,"LRT_M7_M8",0.00293000000010579
"450","M8","psbD",0.999977000264442,FALSE,FALSE,FALSE,"lnL_M8",-1408.091205,"p_M7_M8",0.998536072588602
"451","M0","psbE",0.99953610763133,FALSE,FALSE,FALSE,"lnL_M0",-328.109604,"LRT_M1a_M2a",0.000928000000044449
"452","M0","psbE",0.99953610763133,FALSE,FALSE,FALSE,"lnL_M0",-328.109604,"LRT_M7_M8",0
"453","M0","psbE",0.99953610763133,FALSE,FALSE,FALSE,"lnL_M0",-328.109604,"p_M7_M8",1
"454","M1a","psbE",0.99953610763133,FALSE,FALSE,FALSE,"lnL_M1a",-328.110068,"LRT_M1a_M2a",0.000928000000044449
"455","M1a","psbE",0.99953610763133,FALSE,FALSE,FALSE,"lnL_M1a",-328.110068,"LRT_M7_M8",0
"456","M1a","psbE",0.99953610763133,FALSE,FALSE,FALSE,"lnL_M1a",-328.110068,"p_M7_M8",1
"457","M2a","psbE",0.99953610763133,FALSE,FALSE,FALSE,"lnL_M2a",-328.109604,"LRT_M1a_M2a",0.000928000000044449
"458","M2a","psbE",0.99953610763133,FALSE,FALSE,FALSE,"lnL_M2a",-328.109604,"LRT_M7_M8",0
"459","M2a","psbE",0.99953610763133,FALSE,FALSE,FALSE,"lnL_M2a",-328.109604,"p_M7_M8",1
"460","M7","psbE",0.99953610763133,FALSE,FALSE,FALSE,"lnL_M7",-328.109604,"LRT_M1a_M2a",0.000928000000044449
"461","M7","psbE",0.99953610763133,FALSE,FALSE,FALSE,"lnL_M7",-328.109604,"LRT_M7_M8",0
"462","M7","psbE",0.99953610763133,FALSE,FALSE,FALSE,"lnL_M7",-328.109604,"p_M7_M8",1
"463","M8","psbE",0.99953610763133,FALSE,FALSE,FALSE,"lnL_M8",-328.109604,"LRT_M1a_M2a",0.000928000000044449
"464","M8","psbE",0.99953610763133,FALSE,FALSE,FALSE,"lnL_M8",-328.109604,"LRT_M7_M8",0
"465","M8","psbE",0.99953610763133,FALSE,FALSE,FALSE,"lnL_M8",-328.109604,"p_M7_M8",1
"466","M0","psbH",0.999968000511962,FALSE,FALSE,FALSE,"lnL_M0",-285.662664,"LRT_M1a_M2a",6.40000000657892e-05
"467","M0","psbH",0.999968000511962,FALSE,FALSE,FALSE,"lnL_M0",-285.662664,"LRT_M7_M8",-0.00098800000000665
"468","M0","psbH",0.999968000511962,FALSE,FALSE,FALSE,"lnL_M0",-285.662664,"p_M7_M8",1
"469","M1a","psbH",0.999968000511962,FALSE,FALSE,FALSE,"lnL_M1a",-285.662369,"LRT_M1a_M2a",6.40000000657892e-05
"470","M1a","psbH",0.999968000511962,FALSE,FALSE,FALSE,"lnL_M1a",-285.662369,"LRT_M7_M8",-0.00098800000000665
"471","M1a","psbH",0.999968000511962,FALSE,FALSE,FALSE,"lnL_M1a",-285.662369,"p_M7_M8",1
"472","M2a","psbH",0.999968000511962,FALSE,FALSE,FALSE,"lnL_M2a",-285.662337,"LRT_M1a_M2a",6.40000000657892e-05
"473","M2a","psbH",0.999968000511962,FALSE,FALSE,FALSE,"lnL_M2a",-285.662337,"LRT_M7_M8",-0.00098800000000665
"474","M2a","psbH",0.999968000511962,FALSE,FALSE,FALSE,"lnL_M2a",-285.662337,"p_M7_M8",1
"475","M7","psbH",0.999968000511962,FALSE,FALSE,FALSE,"lnL_M7",-285.662334,"LRT_M1a_M2a",6.40000000657892e-05
"476","M7","psbH",0.999968000511962,FALSE,FALSE,FALSE,"lnL_M7",-285.662334,"LRT_M7_M8",-0.00098800000000665
"477","M7","psbH",0.999968000511962,FALSE,FALSE,FALSE,"lnL_M7",-285.662334,"p_M7_M8",1
"478","M8","psbH",0.999968000511962,FALSE,FALSE,FALSE,"lnL_M8",-285.662828,"LRT_M1a_M2a",6.40000000657892e-05
"479","M8","psbH",0.999968000511962,FALSE,FALSE,FALSE,"lnL_M8",-285.662828,"LRT_M7_M8",-0.00098800000000665
"480","M8","psbH",0.999968000511962,FALSE,FALSE,FALSE,"lnL_M8",-285.662828,"p_M7_M8",1
"481","M0","psbK",1,FALSE,FALSE,FALSE,"lnL_M0",-229.952236,"LRT_M1a_M2a",0
"482","M0","psbK",1,FALSE,FALSE,FALSE,"lnL_M0",-229.952236,"LRT_M7_M8",-0.0019580000000019
"483","M0","psbK",1,FALSE,FALSE,FALSE,"lnL_M0",-229.952236,"p_M7_M8",1
"484","M1a","psbK",1,FALSE,FALSE,FALSE,"lnL_M1a",-229.952235,"LRT_M1a_M2a",0
"485","M1a","psbK",1,FALSE,FALSE,FALSE,"lnL_M1a",-229.952235,"LRT_M7_M8",-0.0019580000000019
"486","M1a","psbK",1,FALSE,FALSE,FALSE,"lnL_M1a",-229.952235,"p_M7_M8",1
"487","M2a","psbK",1,FALSE,FALSE,FALSE,"lnL_M2a",-229.952235,"LRT_M1a_M2a",0
"488","M2a","psbK",1,FALSE,FALSE,FALSE,"lnL_M2a",-229.952235,"LRT_M7_M8",-0.0019580000000019
"489","M2a","psbK",1,FALSE,FALSE,FALSE,"lnL_M2a",-229.952235,"p_M7_M8",1
"490","M7","psbK",1,FALSE,FALSE,FALSE,"lnL_M7",-229.952235,"LRT_M1a_M2a",0
"491","M7","psbK",1,FALSE,FALSE,FALSE,"lnL_M7",-229.952235,"LRT_M7_M8",-0.0019580000000019
"492","M7","psbK",1,FALSE,FALSE,FALSE,"lnL_M7",-229.952235,"p_M7_M8",1
"493","M8","psbK",1,FALSE,FALSE,FALSE,"lnL_M8",-229.953214,"LRT_M1a_M2a",0
"494","M8","psbK",1,FALSE,FALSE,FALSE,"lnL_M8",-229.953214,"LRT_M7_M8",-0.0019580000000019
"495","M8","psbK",1,FALSE,FALSE,FALSE,"lnL_M8",-229.953214,"p_M7_M8",1
"496","M0","psbZ",0.999981000180518,FALSE,FALSE,FALSE,"lnL_M0",-224.569823,"LRT_M1a_M2a",3.79999999609026e-05
"497","M0","psbZ",0.999981000180518,FALSE,FALSE,FALSE,"lnL_M0",-224.569823,"LRT_M7_M8",-0.000545999999985725
"498","M0","psbZ",0.999981000180518,FALSE,FALSE,FALSE,"lnL_M0",-224.569823,"p_M7_M8",1
"499","M1a","psbZ",0.999981000180518,FALSE,FALSE,FALSE,"lnL_M1a",-224.569856,"LRT_M1a_M2a",3.79999999609026e-05
"500","M1a","psbZ",0.999981000180518,FALSE,FALSE,FALSE,"lnL_M1a",-224.569856,"LRT_M7_M8",-0.000545999999985725
"501","M1a","psbZ",0.999981000180518,FALSE,FALSE,FALSE,"lnL_M1a",-224.569856,"p_M7_M8",1
"502","M2a","psbZ",0.999981000180518,FALSE,FALSE,FALSE,"lnL_M2a",-224.569837,"LRT_M1a_M2a",3.79999999609026e-05
"503","M2a","psbZ",0.999981000180518,FALSE,FALSE,FALSE,"lnL_M2a",-224.569837,"LRT_M7_M8",-0.000545999999985725
"504","M2a","psbZ",0.999981000180518,FALSE,FALSE,FALSE,"lnL_M2a",-224.569837,"p_M7_M8",1
"505","M7","psbZ",0.999981000180518,FALSE,FALSE,FALSE,"lnL_M7",-224.56948,"LRT_M1a_M2a",3.79999999609026e-05
"506","M7","psbZ",0.999981000180518,FALSE,FALSE,FALSE,"lnL_M7",-224.56948,"LRT_M7_M8",-0.000545999999985725
"507","M7","psbZ",0.999981000180518,FALSE,FALSE,FALSE,"lnL_M7",-224.56948,"p_M7_M8",1
"508","M8","psbZ",0.999981000180518,FALSE,FALSE,FALSE,"lnL_M8",-224.569753,"LRT_M1a_M2a",3.79999999609026e-05
"509","M8","psbZ",0.999981000180518,FALSE,FALSE,FALSE,"lnL_M8",-224.569753,"LRT_M7_M8",-0.000545999999985725
"510","M8","psbZ",0.999981000180518,FALSE,FALSE,FALSE,"lnL_M8",-224.569753,"p_M7_M8",1
"511","M0","rbcL",0.00979354288259442,TRUE,TRUE,TRUE,"lnL_M0",-1979.176433,"LRT_M1a_M2a",9.25206399999979
"512","M0","rbcL",0.00979354288259442,TRUE,TRUE,TRUE,"lnL_M0",-1979.176433,"LRT_M7_M8",9.44439199999988
"513","M0","rbcL",0.00979354288259442,TRUE,TRUE,TRUE,"lnL_M0",-1979.176433,"p_M7_M8",0.00889562229697086
"514","M1a","rbcL",0.00979354288259442,TRUE,TRUE,TRUE,"lnL_M1a",-1977.492599,"LRT_M1a_M2a",9.25206399999979
"515","M1a","rbcL",0.00979354288259442,TRUE,TRUE,TRUE,"lnL_M1a",-1977.492599,"LRT_M7_M8",9.44439199999988
"516","M1a","rbcL",0.00979354288259442,TRUE,TRUE,TRUE,"lnL_M1a",-1977.492599,"p_M7_M8",0.00889562229697086
"517","M2a","rbcL",0.00979354288259442,TRUE,TRUE,TRUE,"lnL_M2a",-1972.866567,"LRT_M1a_M2a",9.25206399999979
"518","M2a","rbcL",0.00979354288259442,TRUE,TRUE,TRUE,"lnL_M2a",-1972.866567,"LRT_M7_M8",9.44439199999988
"519","M2a","rbcL",0.00979354288259442,TRUE,TRUE,TRUE,"lnL_M2a",-1972.866567,"p_M7_M8",0.00889562229697086
"520","M7","rbcL",0.00979354288259442,TRUE,TRUE,TRUE,"lnL_M7",-1977.588748,"LRT_M1a_M2a",9.25206399999979
"521","M7","rbcL",0.00979354288259442,TRUE,TRUE,TRUE,"lnL_M7",-1977.588748,"LRT_M7_M8",9.44439199999988
"522","M7","rbcL",0.00979354288259442,TRUE,TRUE,TRUE,"lnL_M7",-1977.588748,"p_M7_M8",0.00889562229697086
"523","M8","rbcL",0.00979354288259442,TRUE,TRUE,TRUE,"lnL_M8",-1972.866552,"LRT_M1a_M2a",9.25206399999979
"524","M8","rbcL",0.00979354288259442,TRUE,TRUE,TRUE,"lnL_M8",-1972.866552,"LRT_M7_M8",9.44439199999988
"525","M8","rbcL",0.00979354288259442,TRUE,TRUE,TRUE,"lnL_M8",-1972.866552,"p_M7_M8",0.00889562229697086
"526","M0","rpl14",0.999943001624442,FALSE,FALSE,FALSE,"lnL_M0",-486.438731,"LRT_M1a_M2a",0.000114000000053238
"527","M0","rpl14",0.999943001624442,FALSE,FALSE,FALSE,"lnL_M0",-486.438731,"LRT_M7_M8",-0.000110000000063337
"528","M0","rpl14",0.999943001624442,FALSE,FALSE,FALSE,"lnL_M0",-486.438731,"p_M7_M8",1
"529","M1a","rpl14",0.999943001624442,FALSE,FALSE,FALSE,"lnL_M1a",-486.438196,"LRT_M1a_M2a",0.000114000000053238
"530","M1a","rpl14",0.999943001624442,FALSE,FALSE,FALSE,"lnL_M1a",-486.438196,"LRT_M7_M8",-0.000110000000063337
"531","M1a","rpl14",0.999943001624442,FALSE,FALSE,FALSE,"lnL_M1a",-486.438196,"p_M7_M8",1
"532","M2a","rpl14",0.999943001624442,FALSE,FALSE,FALSE,"lnL_M2a",-486.438139,"LRT_M1a_M2a",0.000114000000053238
"533","M2a","rpl14",0.999943001624442,FALSE,FALSE,FALSE,"lnL_M2a",-486.438139,"LRT_M7_M8",-0.000110000000063337
"534","M2a","rpl14",0.999943001624442,FALSE,FALSE,FALSE,"lnL_M2a",-486.438139,"p_M7_M8",1
"535","M7","rpl14",0.999943001624442,FALSE,FALSE,FALSE,"lnL_M7",-486.438135,"LRT_M1a_M2a",0.000114000000053238
"536","M7","rpl14",0.999943001624442,FALSE,FALSE,FALSE,"lnL_M7",-486.438135,"LRT_M7_M8",-0.000110000000063337
"537","M7","rpl14",0.999943001624442,FALSE,FALSE,FALSE,"lnL_M7",-486.438135,"p_M7_M8",1
"538","M8","rpl14",0.999943001624442,FALSE,FALSE,FALSE,"lnL_M8",-486.43819,"LRT_M1a_M2a",0.000114000000053238
"539","M8","rpl14",0.999943001624442,FALSE,FALSE,FALSE,"lnL_M8",-486.43819,"LRT_M7_M8",-0.000110000000063337
"540","M8","rpl14",0.999943001624442,FALSE,FALSE,FALSE,"lnL_M8",-486.43819,"p_M7_M8",1
"541","M0","rpl2",0.805170679350319,FALSE,FALSE,FALSE,"lnL_M0",-1096.99376,"LRT_M1a_M2a",0.43340199999966
"542","M0","rpl2",0.805170679350319,FALSE,FALSE,FALSE,"lnL_M0",-1096.99376,"LRT_M7_M8",0.488857999999709
"543","M0","rpl2",0.805170679350319,FALSE,FALSE,FALSE,"lnL_M0",-1096.99376,"p_M7_M8",0.783151590154493
"544","M1a","rpl2",0.805170679350319,FALSE,FALSE,FALSE,"lnL_M1a",-1097.210461,"LRT_M1a_M2a",0.43340199999966
"545","M1a","rpl2",0.805170679350319,FALSE,FALSE,FALSE,"lnL_M1a",-1097.210461,"LRT_M7_M8",0.488857999999709
"546","M1a","rpl2",0.805170679350319,FALSE,FALSE,FALSE,"lnL_M1a",-1097.210461,"p_M7_M8",0.783151590154493
"547","M2a","rpl2",0.805170679350319,FALSE,FALSE,FALSE,"lnL_M2a",-1096.99376,"LRT_M1a_M2a",0.43340199999966
"548","M2a","rpl2",0.805170679350319,FALSE,FALSE,FALSE,"lnL_M2a",-1096.99376,"LRT_M7_M8",0.488857999999709
"549","M2a","rpl2",0.805170679350319,FALSE,FALSE,FALSE,"lnL_M2a",-1096.99376,"p_M7_M8",0.783151590154493
"550","M7","rpl2",0.805170679350319,FALSE,FALSE,FALSE,"lnL_M7",-1097.238189,"LRT_M1a_M2a",0.43340199999966
"551","M7","rpl2",0.805170679350319,FALSE,FALSE,FALSE,"lnL_M7",-1097.238189,"LRT_M7_M8",0.488857999999709
"552","M7","rpl2",0.805170679350319,FALSE,FALSE,FALSE,"lnL_M7",-1097.238189,"p_M7_M8",0.783151590154493
"553","M8","rpl2",0.805170679350319,FALSE,FALSE,FALSE,"lnL_M8",-1096.99376,"LRT_M1a_M2a",0.43340199999966
"554","M8","rpl2",0.805170679350319,FALSE,FALSE,FALSE,"lnL_M8",-1096.99376,"LRT_M7_M8",0.488857999999709
"555","M8","rpl2",0.805170679350319,FALSE,FALSE,FALSE,"lnL_M8",-1096.99376,"p_M7_M8",0.783151590154493
"556","M0","rpl20",0.999893005724282,FALSE,FALSE,FALSE,"lnL_M0",-485.852902,"LRT_M1a_M2a",0.000214000000028136
"557","M0","rpl20",0.999893005724282,FALSE,FALSE,FALSE,"lnL_M0",-485.852902,"LRT_M7_M8",0.021474000000012
"558","M0","rpl20",0.999893005724282,FALSE,FALSE,FALSE,"lnL_M0",-485.852902,"p_M7_M8",0.989320435837835
"559","M1a","rpl20",0.999893005724282,FALSE,FALSE,FALSE,"lnL_M1a",-485.853009,"LRT_M1a_M2a",0.000214000000028136
"560","M1a","rpl20",0.999893005724282,FALSE,FALSE,FALSE,"lnL_M1a",-485.853009,"LRT_M7_M8",0.021474000000012
"561","M1a","rpl20",0.999893005724282,FALSE,FALSE,FALSE,"lnL_M1a",-485.853009,"p_M7_M8",0.989320435837835
"562","M2a","rpl20",0.999893005724282,FALSE,FALSE,FALSE,"lnL_M2a",-485.852902,"LRT_M1a_M2a",0.000214000000028136
"563","M2a","rpl20",0.999893005724282,FALSE,FALSE,FALSE,"lnL_M2a",-485.852902,"LRT_M7_M8",0.021474000000012
"564","M2a","rpl20",0.999893005724282,FALSE,FALSE,FALSE,"lnL_M2a",-485.852902,"p_M7_M8",0.989320435837835
"565","M7","rpl20",0.999893005724282,FALSE,FALSE,FALSE,"lnL_M7",-485.863644,"LRT_M1a_M2a",0.000214000000028136
"566","M7","rpl20",0.999893005724282,FALSE,FALSE,FALSE,"lnL_M7",-485.863644,"LRT_M7_M8",0.021474000000012
"567","M7","rpl20",0.999893005724282,FALSE,FALSE,FALSE,"lnL_M7",-485.863644,"p_M7_M8",0.989320435837835
"568","M8","rpl20",0.999893005724282,FALSE,FALSE,FALSE,"lnL_M8",-485.852907,"LRT_M1a_M2a",0.000214000000028136
"569","M8","rpl20",0.999893005724282,FALSE,FALSE,FALSE,"lnL_M8",-485.852907,"LRT_M7_M8",0.021474000000012
"570","M8","rpl20",0.999893005724282,FALSE,FALSE,FALSE,"lnL_M8",-485.852907,"p_M7_M8",0.989320435837835
"571","M0","rpl22",0.59783887567927,FALSE,FALSE,FALSE,"lnL_M0",-615.958764,"LRT_M1a_M2a",1.0288680000001
"572","M0","rpl22",0.59783887567927,FALSE,FALSE,FALSE,"lnL_M0",-615.958764,"LRT_M7_M8",1.02886200000012
"573","M0","rpl22",0.59783887567927,FALSE,FALSE,FALSE,"lnL_M0",-615.958764,"p_M7_M8",0.597840669198583
"574","M1a","rpl22",0.59783887567927,FALSE,FALSE,FALSE,"lnL_M1a",-616.473198,"LRT_M1a_M2a",1.0288680000001
"575","M1a","rpl22",0.59783887567927,FALSE,FALSE,FALSE,"lnL_M1a",-616.473198,"LRT_M7_M8",1.02886200000012
"576","M1a","rpl22",0.59783887567927,FALSE,FALSE,FALSE,"lnL_M1a",-616.473198,"p_M7_M8",0.597840669198583
"577","M2a","rpl22",0.59783887567927,FALSE,FALSE,FALSE,"lnL_M2a",-615.958764,"LRT_M1a_M2a",1.0288680000001
"578","M2a","rpl22",0.59783887567927,FALSE,FALSE,FALSE,"lnL_M2a",-615.958764,"LRT_M7_M8",1.02886200000012
"579","M2a","rpl22",0.59783887567927,FALSE,FALSE,FALSE,"lnL_M2a",-615.958764,"p_M7_M8",0.597840669198583
"580","M7","rpl22",0.59783887567927,FALSE,FALSE,FALSE,"lnL_M7",-616.473195,"LRT_M1a_M2a",1.0288680000001
"581","M7","rpl22",0.59783887567927,FALSE,FALSE,FALSE,"lnL_M7",-616.473195,"LRT_M7_M8",1.02886200000012
"582","M7","rpl22",0.59783887567927,FALSE,FALSE,FALSE,"lnL_M7",-616.473195,"p_M7_M8",0.597840669198583
"583","M8","rpl22",0.59783887567927,FALSE,FALSE,FALSE,"lnL_M8",-615.958764,"LRT_M1a_M2a",1.0288680000001
"584","M8","rpl22",0.59783887567927,FALSE,FALSE,FALSE,"lnL_M8",-615.958764,"LRT_M7_M8",1.02886200000012
"585","M8","rpl22",0.59783887567927,FALSE,FALSE,FALSE,"lnL_M8",-615.958764,"p_M7_M8",0.597840669198583
"586","M0","rpl23",0.999736034844918,FALSE,FALSE,FALSE,"lnL_M0",-366.631872,"LRT_M1a_M2a",0.00052800000003117
"587","M0","rpl23",0.999736034844918,FALSE,FALSE,FALSE,"lnL_M0",-366.631872,"LRT_M7_M8",-0.000469999999950232
"588","M0","rpl23",0.999736034844918,FALSE,FALSE,FALSE,"lnL_M0",-366.631872,"p_M7_M8",1
"589","M1a","rpl23",0.999736034844918,FALSE,FALSE,FALSE,"lnL_M1a",-366.632096,"LRT_M1a_M2a",0.00052800000003117
"590","M1a","rpl23",0.999736034844918,FALSE,FALSE,FALSE,"lnL_M1a",-366.632096,"LRT_M7_M8",-0.000469999999950232
"591","M1a","rpl23",0.999736034844918,FALSE,FALSE,FALSE,"lnL_M1a",-366.632096,"p_M7_M8",1
"592","M2a","rpl23",0.999736034844918,FALSE,FALSE,FALSE,"lnL_M2a",-366.631832,"LRT_M1a_M2a",0.00052800000003117
"593","M2a","rpl23",0.999736034844918,FALSE,FALSE,FALSE,"lnL_M2a",-366.631832,"LRT_M7_M8",-0.000469999999950232
"594","M2a","rpl23",0.999736034844918,FALSE,FALSE,FALSE,"lnL_M2a",-366.631832,"p_M7_M8",1
"595","M7","rpl23",0.999736034844918,FALSE,FALSE,FALSE,"lnL_M7",-366.631977,"LRT_M1a_M2a",0.00052800000003117
"596","M7","rpl23",0.999736034844918,FALSE,FALSE,FALSE,"lnL_M7",-366.631977,"LRT_M7_M8",-0.000469999999950232
"597","M7","rpl23",0.999736034844918,FALSE,FALSE,FALSE,"lnL_M7",-366.631977,"p_M7_M8",1
"598","M8","rpl23",0.999736034844918,FALSE,FALSE,FALSE,"lnL_M8",-366.632212,"LRT_M1a_M2a",0.00052800000003117
"599","M8","rpl23",0.999736034844918,FALSE,FALSE,FALSE,"lnL_M8",-366.632212,"LRT_M7_M8",-0.000469999999950232
"600","M8","rpl23",0.999736034844918,FALSE,FALSE,FALSE,"lnL_M8",-366.632212,"p_M7_M8",1
"601","M0","rpl32",0.999908004231875,FALSE,FALSE,FALSE,"lnL_M0",-211.925063,"LRT_M1a_M2a",0.000183999999990192
"602","M0","rpl32",0.999908004231875,FALSE,FALSE,FALSE,"lnL_M0",-211.925063,"LRT_M7_M8",-0.000183999999990192
"603","M0","rpl32",0.999908004231875,FALSE,FALSE,FALSE,"lnL_M0",-211.925063,"p_M7_M8",1
"604","M1a","rpl32",0.999908004231875,FALSE,FALSE,FALSE,"lnL_M1a",-211.92412,"LRT_M1a_M2a",0.000183999999990192
"605","M1a","rpl32",0.999908004231875,FALSE,FALSE,FALSE,"lnL_M1a",-211.92412,"LRT_M7_M8",-0.000183999999990192
"606","M1a","rpl32",0.999908004231875,FALSE,FALSE,FALSE,"lnL_M1a",-211.92412,"p_M7_M8",1
"607","M2a","rpl32",0.999908004231875,FALSE,FALSE,FALSE,"lnL_M2a",-211.924028,"LRT_M1a_M2a",0.000183999999990192
"608","M2a","rpl32",0.999908004231875,FALSE,FALSE,FALSE,"lnL_M2a",-211.924028,"LRT_M7_M8",-0.000183999999990192
"609","M2a","rpl32",0.999908004231875,FALSE,FALSE,FALSE,"lnL_M2a",-211.924028,"p_M7_M8",1
"610","M7","rpl32",0.999908004231875,FALSE,FALSE,FALSE,"lnL_M7",-211.924017,"LRT_M1a_M2a",0.000183999999990192
"611","M7","rpl32",0.999908004231875,FALSE,FALSE,FALSE,"lnL_M7",-211.924017,"LRT_M7_M8",-0.000183999999990192
"612","M7","rpl32",0.999908004231875,FALSE,FALSE,FALSE,"lnL_M7",-211.924017,"p_M7_M8",1
"613","M8","rpl32",0.999908004231875,FALSE,FALSE,FALSE,"lnL_M8",-211.924109,"LRT_M1a_M2a",0.000183999999990192
"614","M8","rpl32",0.999908004231875,FALSE,FALSE,FALSE,"lnL_M8",-211.924109,"LRT_M7_M8",-0.000183999999990192
"615","M8","rpl32",0.999908004231875,FALSE,FALSE,FALSE,"lnL_M8",-211.924109,"p_M7_M8",1
"616","M0","rpl33",0.99999600000801,FALSE,FALSE,FALSE,"lnL_M0",-284.486517,"LRT_M1a_M2a",7.99999997980194e-06
"617","M0","rpl33",0.99999600000801,FALSE,FALSE,FALSE,"lnL_M0",-284.486517,"LRT_M7_M8",-0.000630000000001019
"618","M0","rpl33",0.99999600000801,FALSE,FALSE,FALSE,"lnL_M0",-284.486517,"p_M7_M8",1
"619","M1a","rpl33",0.99999600000801,FALSE,FALSE,FALSE,"lnL_M1a",-284.486521,"LRT_M1a_M2a",7.99999997980194e-06
"620","M1a","rpl33",0.99999600000801,FALSE,FALSE,FALSE,"lnL_M1a",-284.486521,"LRT_M7_M8",-0.000630000000001019
"621","M1a","rpl33",0.99999600000801,FALSE,FALSE,FALSE,"lnL_M1a",-284.486521,"p_M7_M8",1
"622","M2a","rpl33",0.99999600000801,FALSE,FALSE,FALSE,"lnL_M2a",-284.486517,"LRT_M1a_M2a",7.99999997980194e-06
"623","M2a","rpl33",0.99999600000801,FALSE,FALSE,FALSE,"lnL_M2a",-284.486517,"LRT_M7_M8",-0.000630000000001019
"624","M2a","rpl33",0.99999600000801,FALSE,FALSE,FALSE,"lnL_M2a",-284.486517,"p_M7_M8",1
"625","M7","rpl33",0.99999600000801,FALSE,FALSE,FALSE,"lnL_M7",-284.486725,"LRT_M1a_M2a",7.99999997980194e-06
"626","M7","rpl33",0.99999600000801,FALSE,FALSE,FALSE,"lnL_M7",-284.486725,"LRT_M7_M8",-0.000630000000001019
"627","M7","rpl33",0.99999600000801,FALSE,FALSE,FALSE,"lnL_M7",-284.486725,"p_M7_M8",1
"628","M8","rpl33",0.99999600000801,FALSE,FALSE,FALSE,"lnL_M8",-284.48704,"LRT_M1a_M2a",7.99999997980194e-06
"629","M8","rpl33",0.99999600000801,FALSE,FALSE,FALSE,"lnL_M8",-284.48704,"LRT_M7_M8",-0.000630000000001019
"630","M8","rpl33",0.99999600000801,FALSE,FALSE,FALSE,"lnL_M8",-284.48704,"p_M7_M8",1
"631","M0","rpoA",0.31827579251675,FALSE,FALSE,FALSE,"lnL_M0",-1324.135,"LRT_M1a_M2a",2.28967399999965
"632","M0","rpoA",0.31827579251675,FALSE,FALSE,FALSE,"lnL_M0",-1324.135,"LRT_M7_M8",2.28965599999992
"633","M0","rpoA",0.31827579251675,FALSE,FALSE,FALSE,"lnL_M0",-1324.135,"p_M7_M8",0.318278657011729
"634","M1a","rpoA",0.31827579251675,FALSE,FALSE,FALSE,"lnL_M1a",-1325.279836,"LRT_M1a_M2a",2.28967399999965
"635","M1a","rpoA",0.31827579251675,FALSE,FALSE,FALSE,"lnL_M1a",-1325.279836,"LRT_M7_M8",2.28965599999992
"636","M1a","rpoA",0.31827579251675,FALSE,FALSE,FALSE,"lnL_M1a",-1325.279836,"p_M7_M8",0.318278657011729
"637","M2a","rpoA",0.31827579251675,FALSE,FALSE,FALSE,"lnL_M2a",-1324.134999,"LRT_M1a_M2a",2.28967399999965
"638","M2a","rpoA",0.31827579251675,FALSE,FALSE,FALSE,"lnL_M2a",-1324.134999,"LRT_M7_M8",2.28965599999992
"639","M2a","rpoA",0.31827579251675,FALSE,FALSE,FALSE,"lnL_M2a",-1324.134999,"p_M7_M8",0.318278657011729
"640","M7","rpoA",0.31827579251675,FALSE,FALSE,FALSE,"lnL_M7",-1325.279828,"LRT_M1a_M2a",2.28967399999965
"641","M7","rpoA",0.31827579251675,FALSE,FALSE,FALSE,"lnL_M7",-1325.279828,"LRT_M7_M8",2.28965599999992
"642","M7","rpoA",0.31827579251675,FALSE,FALSE,FALSE,"lnL_M7",-1325.279828,"p_M7_M8",0.318278657011729
"643","M8","rpoA",0.31827579251675,FALSE,FALSE,FALSE,"lnL_M8",-1324.135,"LRT_M1a_M2a",2.28967399999965
"644","M8","rpoA",0.31827579251675,FALSE,FALSE,FALSE,"lnL_M8",-1324.135,"LRT_M7_M8",2.28965599999992
"645","M8","rpoA",0.31827579251675,FALSE,FALSE,FALSE,"lnL_M8",-1324.135,"p_M7_M8",0.318278657011729
"646","M0","rpoB",0.999879007320169,FALSE,FALSE,FALSE,"lnL_M0",-4285.15549,"LRT_M1a_M2a",0.00024200000007113
"647","M0","rpoB",0.999879007320169,FALSE,FALSE,FALSE,"lnL_M0",-4285.15549,"LRT_M7_M8",0.0300119999992603
"648","M0","rpoB",0.999879007320169,FALSE,FALSE,FALSE,"lnL_M0",-4285.15549,"p_M7_M8",0.985106028949521
"649","M1a","rpoB",0.999879007320169,FALSE,FALSE,FALSE,"lnL_M1a",-4285.155632,"LRT_M1a_M2a",0.00024200000007113
"650","M1a","rpoB",0.999879007320169,FALSE,FALSE,FALSE,"lnL_M1a",-4285.155632,"LRT_M7_M8",0.0300119999992603
"651","M1a","rpoB",0.999879007320169,FALSE,FALSE,FALSE,"lnL_M1a",-4285.155632,"p_M7_M8",0.985106028949521
"652","M2a","rpoB",0.999879007320169,FALSE,FALSE,FALSE,"lnL_M2a",-4285.155511,"LRT_M1a_M2a",0.00024200000007113
"653","M2a","rpoB",0.999879007320169,FALSE,FALSE,FALSE,"lnL_M2a",-4285.155511,"LRT_M7_M8",0.0300119999992603
"654","M2a","rpoB",0.999879007320169,FALSE,FALSE,FALSE,"lnL_M2a",-4285.155511,"p_M7_M8",0.985106028949521
"655","M7","rpoB",0.999879007320169,FALSE,FALSE,FALSE,"lnL_M7",-4285.170939,"LRT_M1a_M2a",0.00024200000007113
"656","M7","rpoB",0.999879007320169,FALSE,FALSE,FALSE,"lnL_M7",-4285.170939,"LRT_M7_M8",0.0300119999992603
"657","M7","rpoB",0.999879007320169,FALSE,FALSE,FALSE,"lnL_M7",-4285.170939,"p_M7_M8",0.985106028949521
"658","M8","rpoB",0.999879007320169,FALSE,FALSE,FALSE,"lnL_M8",-4285.155933,"LRT_M1a_M2a",0.00024200000007113
"659","M8","rpoB",0.999879007320169,FALSE,FALSE,FALSE,"lnL_M8",-4285.155933,"LRT_M7_M8",0.0300119999992603
"660","M8","rpoB",0.999879007320169,FALSE,FALSE,FALSE,"lnL_M8",-4285.155933,"p_M7_M8",0.985106028949521
"661","M0","rpoC1",0.037672156943412,TRUE,TRUE,TRUE,"lnL_M0",-2742.478446,"LRT_M1a_M2a",6.55766800000038
"662","M0","rpoC1",0.037672156943412,TRUE,TRUE,TRUE,"lnL_M0",-2742.478446,"LRT_M7_M8",6.56475000000046
"663","M0","rpoC1",0.037672156943412,TRUE,TRUE,TRUE,"lnL_M0",-2742.478446,"p_M7_M8",0.0375389957367291
"664","M1a","rpoC1",0.037672156943412,TRUE,TRUE,TRUE,"lnL_M1a",-2742.040351,"LRT_M1a_M2a",6.55766800000038
"665","M1a","rpoC1",0.037672156943412,TRUE,TRUE,TRUE,"lnL_M1a",-2742.040351,"LRT_M7_M8",6.56475000000046
"666","M1a","rpoC1",0.037672156943412,TRUE,TRUE,TRUE,"lnL_M1a",-2742.040351,"p_M7_M8",0.0375389957367291
"667","M2a","rpoC1",0.037672156943412,TRUE,TRUE,TRUE,"lnL_M2a",-2738.761517,"LRT_M1a_M2a",6.55766800000038
"668","M2a","rpoC1",0.037672156943412,TRUE,TRUE,TRUE,"lnL_M2a",-2738.761517,"LRT_M7_M8",6.56475000000046
"669","M2a","rpoC1",0.037672156943412,TRUE,TRUE,TRUE,"lnL_M2a",-2738.761517,"p_M7_M8",0.0375389957367291
"670","M7","rpoC1",0.037672156943412,TRUE,TRUE,TRUE,"lnL_M7",-2742.043892,"LRT_M1a_M2a",6.55766800000038
"671","M7","rpoC1",0.037672156943412,TRUE,TRUE,TRUE,"lnL_M7",-2742.043892,"LRT_M7_M8",6.56475000000046
"672","M7","rpoC1",0.037672156943412,TRUE,TRUE,TRUE,"lnL_M7",-2742.043892,"p_M7_M8",0.0375389957367291
"673","M8","rpoC1",0.037672156943412,TRUE,TRUE,TRUE,"lnL_M8",-2738.761517,"LRT_M1a_M2a",6.55766800000038
"674","M8","rpoC1",0.037672156943412,TRUE,TRUE,TRUE,"lnL_M8",-2738.761517,"LRT_M7_M8",6.56475000000046
"675","M8","rpoC1",0.037672156943412,TRUE,TRUE,TRUE,"lnL_M8",-2738.761517,"p_M7_M8",0.0375389957367291
"676","M0","rpoC2",0.999997000004394,FALSE,FALSE,FALSE,"lnL_M0",-5738.624217,"LRT_M1a_M2a",6.00000021222513e-06
"677","M0","rpoC2",0.999997000004394,FALSE,FALSE,FALSE,"lnL_M0",-5738.624217,"LRT_M7_M8",-0.000351999999111285
"678","M0","rpoC2",0.999997000004394,FALSE,FALSE,FALSE,"lnL_M0",-5738.624217,"p_M7_M8",1
"679","M1a","rpoC2",0.999997000004394,FALSE,FALSE,FALSE,"lnL_M1a",-5738.624221,"LRT_M1a_M2a",6.00000021222513e-06
"680","M1a","rpoC2",0.999997000004394,FALSE,FALSE,FALSE,"lnL_M1a",-5738.624221,"LRT_M7_M8",-0.000351999999111285
"681","M1a","rpoC2",0.999997000004394,FALSE,FALSE,FALSE,"lnL_M1a",-5738.624221,"p_M7_M8",1
"682","M2a","rpoC2",0.999997000004394,FALSE,FALSE,FALSE,"lnL_M2a",-5738.624218,"LRT_M1a_M2a",6.00000021222513e-06
"683","M2a","rpoC2",0.999997000004394,FALSE,FALSE,FALSE,"lnL_M2a",-5738.624218,"LRT_M7_M8",-0.000351999999111285
"684","M2a","rpoC2",0.999997000004394,FALSE,FALSE,FALSE,"lnL_M2a",-5738.624218,"p_M7_M8",1
"685","M7","rpoC2",0.999997000004394,FALSE,FALSE,FALSE,"lnL_M7",-5738.62499,"LRT_M1a_M2a",6.00000021222513e-06
"686","M7","rpoC2",0.999997000004394,FALSE,FALSE,FALSE,"lnL_M7",-5738.62499,"LRT_M7_M8",-0.000351999999111285
"687","M7","rpoC2",0.999997000004394,FALSE,FALSE,FALSE,"lnL_M7",-5738.62499,"p_M7_M8",1
"688","M8","rpoC2",0.999997000004394,FALSE,FALSE,FALSE,"lnL_M8",-5738.625166,"LRT_M1a_M2a",6.00000021222513e-06
"689","M8","rpoC2",0.999997000004394,FALSE,FALSE,FALSE,"lnL_M8",-5738.625166,"LRT_M7_M8",-0.000351999999111285
"690","M8","rpoC2",0.999997000004394,FALSE,FALSE,FALSE,"lnL_M8",-5738.625166,"p_M7_M8",1
"691","M0","rps11",0.99992200304189,FALSE,FALSE,FALSE,"lnL_M0",-543.361906,"LRT_M1a_M2a",0.000156000000060885
"692","M0","rps11",0.99992200304189,FALSE,FALSE,FALSE,"lnL_M0",-543.361906,"LRT_M7_M8",0.359005999999908
"693","M0","rps11",0.99992200304189,FALSE,FALSE,FALSE,"lnL_M0",-543.361906,"p_M7_M8",0.835685443883104
"694","M1a","rps11",0.99992200304189,FALSE,FALSE,FALSE,"lnL_M1a",-543.361179,"LRT_M1a_M2a",0.000156000000060885
"695","M1a","rps11",0.99992200304189,FALSE,FALSE,FALSE,"lnL_M1a",-543.361179,"LRT_M7_M8",0.359005999999908
"696","M1a","rps11",0.99992200304189,FALSE,FALSE,FALSE,"lnL_M1a",-543.361179,"p_M7_M8",0.835685443883104
"697","M2a","rps11",0.99992200304189,FALSE,FALSE,FALSE,"lnL_M2a",-543.361101,"LRT_M1a_M2a",0.000156000000060885
"698","M2a","rps11",0.99992200304189,FALSE,FALSE,FALSE,"lnL_M2a",-543.361101,"LRT_M7_M8",0.359005999999908
"699","M2a","rps11",0.99992200304189,FALSE,FALSE,FALSE,"lnL_M2a",-543.361101,"p_M7_M8",0.835685443883104
"700","M7","rps11",0.99992200304189,FALSE,FALSE,FALSE,"lnL_M7",-543.541161,"LRT_M1a_M2a",0.000156000000060885
"701","M7","rps11",0.99992200304189,FALSE,FALSE,FALSE,"lnL_M7",-543.541161,"LRT_M7_M8",0.359005999999908
"702","M7","rps11",0.99992200304189,FALSE,FALSE,FALSE,"lnL_M7",-543.541161,"p_M7_M8",0.835685443883104
"703","M8","rps11",0.99992200304189,FALSE,FALSE,FALSE,"lnL_M8",-543.361658,"LRT_M1a_M2a",0.000156000000060885
"704","M8","rps11",0.99992200304189,FALSE,FALSE,FALSE,"lnL_M8",-543.361658,"LRT_M7_M8",0.359005999999908
"705","M8","rps11",0.99992200304189,FALSE,FALSE,FALSE,"lnL_M8",-543.361658,"p_M7_M8",0.835685443883104
"706","M0","rps14",0.857994148025942,FALSE,FALSE,FALSE,"lnL_M0",-403.434553,"LRT_M1a_M2a",0.306316000000038
"707","M0","rps14",0.857994148025942,FALSE,FALSE,FALSE,"lnL_M0",-403.434553,"LRT_M7_M8",0.306316000000038
"708","M0","rps14",0.857994148025942,FALSE,FALSE,FALSE,"lnL_M0",-403.434553,"p_M7_M8",0.857994148025942
"709","M1a","rps14",0.857994148025942,FALSE,FALSE,FALSE,"lnL_M1a",-403.587711,"LRT_M1a_M2a",0.306316000000038
"710","M1a","rps14",0.857994148025942,FALSE,FALSE,FALSE,"lnL_M1a",-403.587711,"LRT_M7_M8",0.306316000000038
"711","M1a","rps14",0.857994148025942,FALSE,FALSE,FALSE,"lnL_M1a",-403.587711,"p_M7_M8",0.857994148025942
"712","M2a","rps14",0.857994148025942,FALSE,FALSE,FALSE,"lnL_M2a",-403.434553,"LRT_M1a_M2a",0.306316000000038
"713","M2a","rps14",0.857994148025942,FALSE,FALSE,FALSE,"lnL_M2a",-403.434553,"LRT_M7_M8",0.306316000000038
"714","M2a","rps14",0.857994148025942,FALSE,FALSE,FALSE,"lnL_M2a",-403.434553,"p_M7_M8",0.857994148025942
"715","M7","rps14",0.857994148025942,FALSE,FALSE,FALSE,"lnL_M7",-403.587711,"LRT_M1a_M2a",0.306316000000038
"716","M7","rps14",0.857994148025942,FALSE,FALSE,FALSE,"lnL_M7",-403.587711,"LRT_M7_M8",0.306316000000038
"717","M7","rps14",0.857994148025942,FALSE,FALSE,FALSE,"lnL_M7",-403.587711,"p_M7_M8",0.857994148025942
"718","M8","rps14",0.857994148025942,FALSE,FALSE,FALSE,"lnL_M8",-403.434553,"LRT_M1a_M2a",0.306316000000038
"719","M8","rps14",0.857994148025942,FALSE,FALSE,FALSE,"lnL_M8",-403.434553,"LRT_M7_M8",0.306316000000038
"720","M8","rps14",0.857994148025942,FALSE,FALSE,FALSE,"lnL_M8",-403.434553,"p_M7_M8",0.857994148025942
"721","M0","rps15",0.999976000288001,FALSE,FALSE,FALSE,"lnL_M0",-343.534755,"LRT_M1a_M2a",4.79999999924985e-05
"722","M0","rps15",0.999976000288001,FALSE,FALSE,FALSE,"lnL_M0",-343.534755,"LRT_M7_M8",-4.79999999924985e-05
"723","M0","rps15",0.999976000288001,FALSE,FALSE,FALSE,"lnL_M0",-343.534755,"p_M7_M8",1
"724","M1a","rps15",0.999976000288001,FALSE,FALSE,FALSE,"lnL_M1a",-343.534542,"LRT_M1a_M2a",4.79999999924985e-05
"725","M1a","rps15",0.999976000288001,FALSE,FALSE,FALSE,"lnL_M1a",-343.534542,"LRT_M7_M8",-4.79999999924985e-05
"726","M1a","rps15",0.999976000288001,FALSE,FALSE,FALSE,"lnL_M1a",-343.534542,"p_M7_M8",1
"727","M2a","rps15",0.999976000288001,FALSE,FALSE,FALSE,"lnL_M2a",-343.534518,"LRT_M1a_M2a",4.79999999924985e-05
"728","M2a","rps15",0.999976000288001,FALSE,FALSE,FALSE,"lnL_M2a",-343.534518,"LRT_M7_M8",-4.79999999924985e-05
"729","M2a","rps15",0.999976000288001,FALSE,FALSE,FALSE,"lnL_M2a",-343.534518,"p_M7_M8",1
"730","M7","rps15",0.999976000288001,FALSE,FALSE,FALSE,"lnL_M7",-343.534516,"LRT_M1a_M2a",4.79999999924985e-05
"731","M7","rps15",0.999976000288001,FALSE,FALSE,FALSE,"lnL_M7",-343.534516,"LRT_M7_M8",-4.79999999924985e-05
"732","M7","rps15",0.999976000288001,FALSE,FALSE,FALSE,"lnL_M7",-343.534516,"p_M7_M8",1
"733","M8","rps15",0.999976000288001,FALSE,FALSE,FALSE,"lnL_M8",-343.53454,"LRT_M1a_M2a",4.79999999924985e-05
"734","M8","rps15",0.999976000288001,FALSE,FALSE,FALSE,"lnL_M8",-343.53454,"LRT_M7_M8",-4.79999999924985e-05
"735","M8","rps15",0.999976000288001,FALSE,FALSE,FALSE,"lnL_M8",-343.53454,"p_M7_M8",1
"736","M0","rps16",0.999998000002005,FALSE,FALSE,FALSE,"lnL_M0",-370.26017,"LRT_M1a_M2a",3.99999998990097e-06
"737","M0","rps16",0.999998000002005,FALSE,FALSE,FALSE,"lnL_M0",-370.26017,"LRT_M7_M8",-3.99999998990097e-06
"738","M0","rps16",0.999998000002005,FALSE,FALSE,FALSE,"lnL_M0",-370.26017,"p_M7_M8",1
"739","M1a","rps16",0.999998000002005,FALSE,FALSE,FALSE,"lnL_M1a",-370.260172,"LRT_M1a_M2a",3.99999998990097e-06
"740","M1a","rps16",0.999998000002005,FALSE,FALSE,FALSE,"lnL_M1a",-370.260172,"LRT_M7_M8",-3.99999998990097e-06
"741","M1a","rps16",0.999998000002005,FALSE,FALSE,FALSE,"lnL_M1a",-370.260172,"p_M7_M8",1
"742","M2a","rps16",0.999998000002005,FALSE,FALSE,FALSE,"lnL_M2a",-370.26017,"LRT_M1a_M2a",3.99999998990097e-06
"743","M2a","rps16",0.999998000002005,FALSE,FALSE,FALSE,"lnL_M2a",-370.26017,"LRT_M7_M8",-3.99999998990097e-06
"744","M2a","rps16",0.999998000002005,FALSE,FALSE,FALSE,"lnL_M2a",-370.26017,"p_M7_M8",1
"745","M7","rps16",0.999998000002005,FALSE,FALSE,FALSE,"lnL_M7",-370.260546,"LRT_M1a_M2a",3.99999998990097e-06
"746","M7","rps16",0.999998000002005,FALSE,FALSE,FALSE,"lnL_M7",-370.260546,"LRT_M7_M8",-3.99999998990097e-06
"747","M7","rps16",0.999998000002005,FALSE,FALSE,FALSE,"lnL_M7",-370.260546,"p_M7_M8",1
"748","M8","rps16",0.999998000002005,FALSE,FALSE,FALSE,"lnL_M8",-370.260548,"LRT_M1a_M2a",3.99999998990097e-06
"749","M8","rps16",0.999998000002005,FALSE,FALSE,FALSE,"lnL_M8",-370.260548,"LRT_M7_M8",-3.99999998990097e-06
"750","M8","rps16",0.999998000002005,FALSE,FALSE,FALSE,"lnL_M8",-370.260548,"p_M7_M8",1
"751","M0","rps18",1,FALSE,FALSE,FALSE,"lnL_M0",-408.980037,"LRT_M1a_M2a",0
"752","M0","rps18",1,FALSE,FALSE,FALSE,"lnL_M0",-408.980037,"LRT_M7_M8",-1.99999999495049e-06
"753","M0","rps18",1,FALSE,FALSE,FALSE,"lnL_M0",-408.980037,"p_M7_M8",1
"754","M1a","rps18",1,FALSE,FALSE,FALSE,"lnL_M1a",-408.980037,"LRT_M1a_M2a",0
"755","M1a","rps18",1,FALSE,FALSE,FALSE,"lnL_M1a",-408.980037,"LRT_M7_M8",-1.99999999495049e-06
"756","M1a","rps18",1,FALSE,FALSE,FALSE,"lnL_M1a",-408.980037,"p_M7_M8",1
"757","M2a","rps18",1,FALSE,FALSE,FALSE,"lnL_M2a",-408.980037,"LRT_M1a_M2a",0
"758","M2a","rps18",1,FALSE,FALSE,FALSE,"lnL_M2a",-408.980037,"LRT_M7_M8",-1.99999999495049e-06
"759","M2a","rps18",1,FALSE,FALSE,FALSE,"lnL_M2a",-408.980037,"p_M7_M8",1
"760","M7","rps18",1,FALSE,FALSE,FALSE,"lnL_M7",-408.980097,"LRT_M1a_M2a",0
"761","M7","rps18",1,FALSE,FALSE,FALSE,"lnL_M7",-408.980097,"LRT_M7_M8",-1.99999999495049e-06
"762","M7","rps18",1,FALSE,FALSE,FALSE,"lnL_M7",-408.980097,"p_M7_M8",1
"763","M8","rps18",1,FALSE,FALSE,FALSE,"lnL_M8",-408.980098,"LRT_M1a_M2a",0
"764","M8","rps18",1,FALSE,FALSE,FALSE,"lnL_M8",-408.980098,"LRT_M7_M8",-1.99999999495049e-06
"765","M8","rps18",1,FALSE,FALSE,FALSE,"lnL_M8",-408.980098,"p_M7_M8",1
"766","M0","rps19",0.767739343443821,FALSE,FALSE,FALSE,"lnL_M0",-359.393897,"LRT_M1a_M2a",0.528610000000072
"767","M0","rps19",0.767739343443821,FALSE,FALSE,FALSE,"lnL_M0",-359.393897,"LRT_M7_M8",0.528606000000082
"768","M0","rps19",0.767739343443821,FALSE,FALSE,FALSE,"lnL_M0",-359.393897,"p_M7_M8",0.76774087892404
"769","M1a","rps19",0.767739343443821,FALSE,FALSE,FALSE,"lnL_M1a",-359.658202,"LRT_M1a_M2a",0.528610000000072
"770","M1a","rps19",0.767739343443821,FALSE,FALSE,FALSE,"lnL_M1a",-359.658202,"LRT_M7_M8",0.528606000000082
"771","M1a","rps19",0.767739343443821,FALSE,FALSE,FALSE,"lnL_M1a",-359.658202,"p_M7_M8",0.76774087892404
"772","M2a","rps19",0.767739343443821,FALSE,FALSE,FALSE,"lnL_M2a",-359.393897,"LRT_M1a_M2a",0.528610000000072
"773","M2a","rps19",0.767739343443821,FALSE,FALSE,FALSE,"lnL_M2a",-359.393897,"LRT_M7_M8",0.528606000000082
"774","M2a","rps19",0.767739343443821,FALSE,FALSE,FALSE,"lnL_M2a",-359.393897,"p_M7_M8",0.76774087892404
"775","M7","rps19",0.767739343443821,FALSE,FALSE,FALSE,"lnL_M7",-359.6582,"LRT_M1a_M2a",0.528610000000072
"776","M7","rps19",0.767739343443821,FALSE,FALSE,FALSE,"lnL_M7",-359.6582,"LRT_M7_M8",0.528606000000082
"777","M7","rps19",0.767739343443821,FALSE,FALSE,FALSE,"lnL_M7",-359.6582,"p_M7_M8",0.76774087892404
"778","M8","rps19",0.767739343443821,FALSE,FALSE,FALSE,"lnL_M8",-359.393897,"LRT_M1a_M2a",0.528610000000072
"779","M8","rps19",0.767739343443821,FALSE,FALSE,FALSE,"lnL_M8",-359.393897,"LRT_M7_M8",0.528606000000082
"780","M8","rps19",0.767739343443821,FALSE,FALSE,FALSE,"lnL_M8",-359.393897,"p_M7_M8",0.76774087892404
"781","M0","rps2",0.847569870549079,FALSE,FALSE,FALSE,"lnL_M0",-937.144588,"LRT_M1a_M2a",0.330764000000045
"782","M0","rps2",0.847569870549079,FALSE,FALSE,FALSE,"lnL_M0",-937.144588,"LRT_M7_M8",0.508248000000094
"783","M0","rps2",0.847569870549079,FALSE,FALSE,FALSE,"lnL_M0",-937.144588,"p_M7_M8",0.775595622226258
"784","M1a","rps2",0.847569870549079,FALSE,FALSE,FALSE,"lnL_M1a",-937.30997,"LRT_M1a_M2a",0.330764000000045
"785","M1a","rps2",0.847569870549079,FALSE,FALSE,FALSE,"lnL_M1a",-937.30997,"LRT_M7_M8",0.508248000000094
"786","M1a","rps2",0.847569870549079,FALSE,FALSE,FALSE,"lnL_M1a",-937.30997,"p_M7_M8",0.775595622226258
"787","M2a","rps2",0.847569870549079,FALSE,FALSE,FALSE,"lnL_M2a",-937.144588,"LRT_M1a_M2a",0.330764000000045
"788","M2a","rps2",0.847569870549079,FALSE,FALSE,FALSE,"lnL_M2a",-937.144588,"LRT_M7_M8",0.508248000000094
"789","M2a","rps2",0.847569870549079,FALSE,FALSE,FALSE,"lnL_M2a",-937.144588,"p_M7_M8",0.775595622226258
"790","M7","rps2",0.847569870549079,FALSE,FALSE,FALSE,"lnL_M7",-937.398712,"LRT_M1a_M2a",0.330764000000045
"791","M7","rps2",0.847569870549079,FALSE,FALSE,FALSE,"lnL_M7",-937.398712,"LRT_M7_M8",0.508248000000094
"792","M7","rps2",0.847569870549079,FALSE,FALSE,FALSE,"lnL_M7",-937.398712,"p_M7_M8",0.775595622226258
"793","M8","rps2",0.847569870549079,FALSE,FALSE,FALSE,"lnL_M8",-937.144588,"LRT_M1a_M2a",0.330764000000045
"794","M8","rps2",0.847569870549079,FALSE,FALSE,FALSE,"lnL_M8",-937.144588,"LRT_M7_M8",0.508248000000094
"795","M8","rps2",0.847569870549079,FALSE,FALSE,FALSE,"lnL_M8",-937.144588,"p_M7_M8",0.775595622226258
"796","M0","rps3",0.999999000000503,FALSE,FALSE,FALSE,"lnL_M0",-857.172423,"LRT_M1a_M2a",1.99999999495049e-06
"797","M0","rps3",0.999999000000503,FALSE,FALSE,FALSE,"lnL_M0",-857.172423,"LRT_M7_M8",-0.0104380000000219
"798","M0","rps3",0.999999000000503,FALSE,FALSE,FALSE,"lnL_M0",-857.172423,"p_M7_M8",1
"799","M1a","rps3",0.999999000000503,FALSE,FALSE,FALSE,"lnL_M1a",-857.172424,"LRT_M1a_M2a",1.99999999495049e-06
"800","M1a","rps3",0.999999000000503,FALSE,FALSE,FALSE,"lnL_M1a",-857.172424,"LRT_M7_M8",-0.0104380000000219
"801","M1a","rps3",0.999999000000503,FALSE,FALSE,FALSE,"lnL_M1a",-857.172424,"p_M7_M8",1
"802","M2a","rps3",0.999999000000503,FALSE,FALSE,FALSE,"lnL_M2a",-857.172423,"LRT_M1a_M2a",1.99999999495049e-06
"803","M2a","rps3",0.999999000000503,FALSE,FALSE,FALSE,"lnL_M2a",-857.172423,"LRT_M7_M8",-0.0104380000000219
"804","M2a","rps3",0.999999000000503,FALSE,FALSE,FALSE,"lnL_M2a",-857.172423,"p_M7_M8",1
"805","M7","rps3",0.999999000000503,FALSE,FALSE,FALSE,"lnL_M7",-857.172454,"LRT_M1a_M2a",1.99999999495049e-06
"806","M7","rps3",0.999999000000503,FALSE,FALSE,FALSE,"lnL_M7",-857.172454,"LRT_M7_M8",-0.0104380000000219
"807","M7","rps3",0.999999000000503,FALSE,FALSE,FALSE,"lnL_M7",-857.172454,"p_M7_M8",1
"808","M8","rps3",0.999999000000503,FALSE,FALSE,FALSE,"lnL_M8",-857.177673,"LRT_M1a_M2a",1.99999999495049e-06
"809","M8","rps3",0.999999000000503,FALSE,FALSE,FALSE,"lnL_M8",-857.177673,"LRT_M7_M8",-0.0104380000000219
"810","M8","rps3",0.999999000000503,FALSE,FALSE,FALSE,"lnL_M8",-857.177673,"p_M7_M8",1
"811","M0","rps4",0.909357475259763,FALSE,FALSE,FALSE,"lnL_M0",-808.522833,"LRT_M1a_M2a",0.190033999999969
"812","M0","rps4",0.909357475259763,FALSE,FALSE,FALSE,"lnL_M0",-808.522833,"LRT_M7_M8",0.189857999999958
"813","M0","rps4",0.909357475259763,FALSE,FALSE,FALSE,"lnL_M0",-808.522833,"p_M7_M8",0.909437502238726
"814","M1a","rps4",0.909357475259763,FALSE,FALSE,FALSE,"lnL_M1a",-808.520315,"LRT_M1a_M2a",0.190033999999969
"815","M1a","rps4",0.909357475259763,FALSE,FALSE,FALSE,"lnL_M1a",-808.520315,"LRT_M7_M8",0.189857999999958
"816","M1a","rps4",0.909357475259763,FALSE,FALSE,FALSE,"lnL_M1a",-808.520315,"p_M7_M8",0.909437502238726
"817","M2a","rps4",0.909357475259763,FALSE,FALSE,FALSE,"lnL_M2a",-808.425298,"LRT_M1a_M2a",0.190033999999969
"818","M2a","rps4",0.909357475259763,FALSE,FALSE,FALSE,"lnL_M2a",-808.425298,"LRT_M7_M8",0.189857999999958
"819","M2a","rps4",0.909357475259763,FALSE,FALSE,FALSE,"lnL_M2a",-808.425298,"p_M7_M8",0.909437502238726
"820","M7","rps4",0.909357475259763,FALSE,FALSE,FALSE,"lnL_M7",-808.520226,"LRT_M1a_M2a",0.190033999999969
"821","M7","rps4",0.909357475259763,FALSE,FALSE,FALSE,"lnL_M7",-808.520226,"LRT_M7_M8",0.189857999999958
"822","M7","rps4",0.909357475259763,FALSE,FALSE,FALSE,"lnL_M7",-808.520226,"p_M7_M8",0.909437502238726
"823","M8","rps4",0.909357475259763,FALSE,FALSE,FALSE,"lnL_M8",-808.425297,"LRT_M1a_M2a",0.190033999999969
"824","M8","rps4",0.909357475259763,FALSE,FALSE,FALSE,"lnL_M8",-808.425297,"LRT_M7_M8",0.189857999999958
"825","M8","rps4",0.909357475259763,FALSE,FALSE,FALSE,"lnL_M8",-808.425297,"p_M7_M8",0.909437502238726
"826","M0","rps7",0.999993000024518,FALSE,FALSE,FALSE,"lnL_M0",-607.221002,"LRT_M1a_M2a",1.39999999646534e-05
"827","M0","rps7",0.999993000024518,FALSE,FALSE,FALSE,"lnL_M0",-607.221002,"LRT_M7_M8",5.99999998485146e-06
"828","M0","rps7",0.999993000024518,FALSE,FALSE,FALSE,"lnL_M0",-607.221002,"p_M7_M8",0.999997000004508
"829","M1a","rps7",0.999993000024518,FALSE,FALSE,FALSE,"lnL_M1a",-607.221002,"LRT_M1a_M2a",1.39999999646534e-05
"830","M1a","rps7",0.999993000024518,FALSE,FALSE,FALSE,"lnL_M1a",-607.221002,"LRT_M7_M8",5.99999998485146e-06
"831","M1a","rps7",0.999993000024518,FALSE,FALSE,FALSE,"lnL_M1a",-607.221002,"p_M7_M8",0.999997000004508
"832","M2a","rps7",0.999993000024518,FALSE,FALSE,FALSE,"lnL_M2a",-607.220995,"LRT_M1a_M2a",1.39999999646534e-05
"833","M2a","rps7",0.999993000024518,FALSE,FALSE,FALSE,"lnL_M2a",-607.220995,"LRT_M7_M8",5.99999998485146e-06
"834","M2a","rps7",0.999993000024518,FALSE,FALSE,FALSE,"lnL_M2a",-607.220995,"p_M7_M8",0.999997000004508
"835","M7","rps7",0.999993000024518,FALSE,FALSE,FALSE,"lnL_M7",-607.221002,"LRT_M1a_M2a",1.39999999646534e-05
"836","M7","rps7",0.999993000024518,FALSE,FALSE,FALSE,"lnL_M7",-607.221002,"LRT_M7_M8",5.99999998485146e-06
"837","M7","rps7",0.999993000024518,FALSE,FALSE,FALSE,"lnL_M7",-607.221002,"p_M7_M8",0.999997000004508
"838","M8","rps7",0.999993000024518,FALSE,FALSE,FALSE,"lnL_M8",-607.220999,"LRT_M1a_M2a",1.39999999646534e-05
"839","M8","rps7",0.999993000024518,FALSE,FALSE,FALSE,"lnL_M8",-607.220999,"LRT_M7_M8",5.99999998485146e-06
"840","M8","rps7",0.999993000024518,FALSE,FALSE,FALSE,"lnL_M8",-607.220999,"p_M7_M8",0.999997000004508
"841","M0","rps8",0.999924002887891,FALSE,FALSE,FALSE,"lnL_M0",-535.003996,"LRT_M1a_M2a",0.000152000000070984
"842","M0","rps8",0.999924002887891,FALSE,FALSE,FALSE,"lnL_M0",-535.003996,"LRT_M7_M8",-0.000154000000065935
"843","M0","rps8",0.999924002887891,FALSE,FALSE,FALSE,"lnL_M0",-535.003996,"p_M7_M8",1
"844","M1a","rps8",0.999924002887891,FALSE,FALSE,FALSE,"lnL_M1a",-535.00329,"LRT_M1a_M2a",0.000152000000070984
"845","M1a","rps8",0.999924002887891,FALSE,FALSE,FALSE,"lnL_M1a",-535.00329,"LRT_M7_M8",-0.000154000000065935
"846","M1a","rps8",0.999924002887891,FALSE,FALSE,FALSE,"lnL_M1a",-535.00329,"p_M7_M8",1
"847","M2a","rps8",0.999924002887891,FALSE,FALSE,FALSE,"lnL_M2a",-535.003214,"LRT_M1a_M2a",0.000152000000070984
"848","M2a","rps8",0.999924002887891,FALSE,FALSE,FALSE,"lnL_M2a",-535.003214,"LRT_M7_M8",-0.000154000000065935
"849","M2a","rps8",0.999924002887891,FALSE,FALSE,FALSE,"lnL_M2a",-535.003214,"p_M7_M8",1
"850","M7","rps8",0.999924002887891,FALSE,FALSE,FALSE,"lnL_M7",-535.003206,"LRT_M1a_M2a",0.000152000000070984
"851","M7","rps8",0.999924002887891,FALSE,FALSE,FALSE,"lnL_M7",-535.003206,"LRT_M7_M8",-0.000154000000065935
"852","M7","rps8",0.999924002887891,FALSE,FALSE,FALSE,"lnL_M7",-535.003206,"p_M7_M8",1
"853","M8","rps8",0.999924002887891,FALSE,FALSE,FALSE,"lnL_M8",-535.003283,"LRT_M1a_M2a",0.000152000000070984
"854","M8","rps8",0.999924002887891,FALSE,FALSE,FALSE,"lnL_M8",-535.003283,"LRT_M7_M8",-0.000154000000065935
"855","M8","rps8",0.999924002887891,FALSE,FALSE,FALSE,"lnL_M8",-535.003283,"p_M7_M8",1
"856","M0","ycf1",0.00342421168063055,TRUE,TRUE,TRUE,"lnL_M0",-7788.453625,"LRT_M1a_M2a",11.353767999999
"857","M0","ycf1",0.00342421168063055,TRUE,TRUE,TRUE,"lnL_M0",-7788.453625,"LRT_M7_M8",11.9334259999996
"858","M0","ycf1",0.00342421168063055,TRUE,TRUE,TRUE,"lnL_M0",-7788.453625,"p_M7_M8",0.00256265102415211
"859","M1a","ycf1",0.00342421168063055,TRUE,TRUE,TRUE,"lnL_M1a",-7786.157139,"LRT_M1a_M2a",11.353767999999
"860","M1a","ycf1",0.00342421168063055,TRUE,TRUE,TRUE,"lnL_M1a",-7786.157139,"LRT_M7_M8",11.9334259999996
"861","M1a","ycf1",0.00342421168063055,TRUE,TRUE,TRUE,"lnL_M1a",-7786.157139,"p_M7_M8",0.00256265102415211
"862","M2a","ycf1",0.00342421168063055,TRUE,TRUE,TRUE,"lnL_M2a",-7780.480255,"LRT_M1a_M2a",11.353767999999
"863","M2a","ycf1",0.00342421168063055,TRUE,TRUE,TRUE,"lnL_M2a",-7780.480255,"LRT_M7_M8",11.9334259999996
"864","M2a","ycf1",0.00342421168063055,TRUE,TRUE,TRUE,"lnL_M2a",-7780.480255,"p_M7_M8",0.00256265102415211
"865","M7","ycf1",0.00342421168063055,TRUE,TRUE,TRUE,"lnL_M7",-7786.446968,"LRT_M1a_M2a",11.353767999999
"866","M7","ycf1",0.00342421168063055,TRUE,TRUE,TRUE,"lnL_M7",-7786.446968,"LRT_M7_M8",11.9334259999996
"867","M7","ycf1",0.00342421168063055,TRUE,TRUE,TRUE,"lnL_M7",-7786.446968,"p_M7_M8",0.00256265102415211
"868","M8","ycf1",0.00342421168063055,TRUE,TRUE,TRUE,"lnL_M8",-7780.480255,"LRT_M1a_M2a",11.353767999999
"869","M8","ycf1",0.00342421168063055,TRUE,TRUE,TRUE,"lnL_M8",-7780.480255,"LRT_M7_M8",11.9334259999996
"870","M8","ycf1",0.00342421168063055,TRUE,TRUE,TRUE,"lnL_M8",-7780.480255,"p_M7_M8",0.00256265102415211
