"","gene","model","lnL","kappa","omega","tree_length","tree_length_dN","tree_length_dS","mean_dN","mean_dS","p0","p1","w0","w1","p2","w2","n_positive_sites","beta_p","beta_q","w_positive"
"1","atpA","M0",-2027.119895,0.79434,0.12645,0.006273,8e-04,0.0067,5.625e-05,0.0004125,NA,NA,NA,NA,NA,NA,NA,NA,NA,NA
"2","atpB","M0",-1983.694415,999,1e-04,0.002096,0,0.0024,0,0.00015,NA,NA,NA,NA,NA,NA,NA,NA,NA,NA
"3","atpE","M0",-531.71415,1e-04,999,0.007422,0.0031,0,0.00019375,0,NA,NA,NA,NA,NA,NA,NA,NA,NA,NA
"4","atpH","M0",-314.844758,999,1e-04,0.013058,0,0.0172,0,0.00106875,NA,NA,NA,NA,NA,NA,NA,NA,NA,NA
"5","atpI","M0",-984.160306,2.27059,999,0.008199,0.0036,0,0.000225,0,NA,NA,NA,NA,NA,NA,NA,NA,NA,NA
"6","ccsA","M0",-1307.197642,3.65375,0.12002,0.023229,0.0028,0.0231,0.000175,0.00144375,NA,NA,NA,NA,NA,NA,NA,NA,NA,NA
"7","cemA","M0",-915.717555,1e-04,0.29898,0.013612,0.0034,0.0113,0.00020625,0.0007125,NA,NA,NA,NA,NA,NA,NA,NA,NA,NA
"8","clpP1","M0",-793.268672,1.33212,1e-04,0.011608,0,0.0154,0,0.0009625,NA,NA,NA,NA,NA,NA,NA,NA,NA,NA
"9","matK","M0",-2047.96457,4.27016,0.94143,0.02408,0.0079,0.0084,5e-04,0.000525,NA,NA,NA,NA,NA,NA,NA,NA,NA,NA
"10","ndhA","M0",-1455.546592,3.94612,0.64005,0.016945,0.005,0.0078,0.00030625,0.0004875,NA,NA,NA,NA,NA,NA,NA,NA,NA,NA
"11","ndhB","M0",-2019.199592,1.9596,0.2571,6.4e-05,0,0,0,0,NA,NA,NA,NA,NA,NA,NA,NA,NA,NA
"12","ndhC","M0",-461.917179,999,1e-04,0.009606,0,0.0116,0,0.00071875,NA,NA,NA,NA,NA,NA,NA,NA,NA,NA
"13","ndhE","M0",-383.438933,1.89501,0.22685,6.4e-05,0,1e-04,0,0,NA,NA,NA,NA,NA,NA,NA,NA,NA,NA
"14","ndhF","M0",-2902.617358,1.33931,0.47634,0.014102,0.0039,0.0082,0.00024375,0.00050625,NA,NA,NA,NA,NA,NA,NA,NA,NA,NA
"15","ndhG","M0",-689.559708,1e-04,999,0.011388,0.0047,0,0.0002875,0,NA,NA,NA,NA,NA,NA,NA,NA,NA,NA
"16","ndhH","M0",-1637.639749,1.52665,0.15934,0.027731,0.0043,0.0269,0.0002625,0.0016875,NA,NA,NA,NA,NA,NA,NA,NA,NA,NA
"17","ndhI","M0",-706.325312,3.17514,0.25859,0.037487,0.0077,0.0298,0.0004875,0.0018625,NA,NA,NA,NA,NA,NA,NA,NA,NA,NA
"18","ndhJ","M0",-637.473803,1e-04,999,0.006328,0.0025,0,0.00015625,0,NA,NA,NA,NA,NA,NA,NA,NA,NA,NA
"19","ndhK","M0",-915.744052,0.67714,1e-04,0.014738,0,0.0241,0,0.0015,NA,NA,NA,NA,NA,NA,NA,NA,NA,NA
"20","pafI","M0",-693.959041,0.36335,0.06126,0.025577,0.0024,0.0391,0.00015,0.0024375,NA,NA,NA,NA,NA,NA,NA,NA,NA,NA
"21","pafII","M0",-730.0019,999,1e-04,0.005881,0,0.0067,0,0.0004125,NA,NA,NA,NA,NA,NA,NA,NA,NA,NA
"22","petA","M0",-1320.320987,0.46989,999,0.018769,0.0078,0,0.0004875,0,NA,NA,NA,NA,NA,NA,NA,NA,NA,NA
"23","petB","M0",-869.763073,999,1e-04,0.015032,0,0.018,0,0.001125,NA,NA,NA,NA,NA,NA,NA,NA,NA,NA
"24","petD","M0",-635.473684,999,0.33025,0.012971,0.0029,0.0088,0.000175,0.00055,NA,NA,NA,NA,NA,NA,NA,NA,NA,NA
"25","psaA","M0",-3065.52828,4.72122,1e-04,0.007155,0,0.0086,0,0.00053124999999999,NA,NA,NA,NA,NA,NA,NA,NA,NA,NA
"26","psaB","M0",-2986.056982,999,1e-04,0.008357,0,0.0096,0,6e-04,NA,NA,NA,NA,NA,NA,NA,NA,NA,NA
"27","psaC","M0",-318.191472,1.99295,0.33698,6.4e-05,0,0,0,0,NA,NA,NA,NA,NA,NA,NA,NA,NA,NA
"28","psbA","M0",-1417.615894,1.828,1e-04,0.009516,0,0.0136,0,0.00084374999999999,NA,NA,NA,NA,NA,NA,NA,NA,NA,NA
"29","psbB","M0",-2053.149822,2.02731,1e-04,0.010834,0,0.0148,0,0.00091249999999999,NA,NA,NA,NA,NA,NA,NA,NA,NA,NA
"30","psbD","M0",-1408.091415,999,1e-04,0.002998,0,0.0033,0,0.00020625,NA,NA,NA,NA,NA,NA,NA,NA,NA,NA
"31","psbE","M0",-328.109604,1e-04,1e-04,6.4e-05,0,1e-04,0,0,NA,NA,NA,NA,NA,NA,NA,NA,NA,NA
"32","psbH","M0",-285.662664,999,1e-04,0.013764,0,0.0206,0,0.00128125,NA,NA,NA,NA,NA,NA,NA,NA,NA,NA
"33","psbK","M0",-229.952236,1e-04,1e-04,6.4e-05,0,1e-04,0,0,NA,NA,NA,NA,NA,NA,NA,NA,NA,NA
"34","psbZ","M0",-224.569823,1e-04,0.75482,6.4e-05,0,0,0,0,NA,NA,NA,NA,NA,NA,NA,NA,NA,NA
"35","rbcL","M0",-1979.176433,1.88855,0.65346,0.021472,0.0064,0.0098,0.0003875,0.0006125,NA,NA,NA,NA,NA,NA,NA,NA,NA,NA
"36","rpl14","M0",-486.438731,999,1e-04,0.016862,0,0.0221,0,0.001375,NA,NA,NA,NA,NA,NA,NA,NA,NA,NA
"37","rpl2","M0",-1096.99376,1e-04,999,0.003792,0.0016,0,9.375e-05,0,NA,NA,NA,NA,NA,NA,NA,NA,NA,NA
"38","rpl20","M0",-485.852902,1.46942,0.98367,0.043877,0.0146,0.0148,0.0009125,0.000925,NA,NA,NA,NA,NA,NA,NA,NA,NA,NA
"39","rpl22","M0",-615.958764,1e-04,999,0.020083,0.008,0,0.00050625,0,NA,NA,NA,NA,NA,NA,NA,NA,NA,NA
"40","rpl23","M0",-366.631872,1.28486,1e-04,6.4e-05,0,1e-04,0,0,NA,NA,NA,NA,NA,NA,NA,NA,NA,NA
"41","rpl32","M0",-211.925063,1.00738,1e-04,0.040265,0,0.0792,0,0.00494375,NA,NA,NA,NA,NA,NA,NA,NA,NA,NA
"42","rpl33","M0",-284.486517,0.92879,0.07338,0.060622,0.0063,0.0856,0.00039375,0.00535,NA,NA,NA,NA,NA,NA,NA,NA,NA,NA
"43","rpoA","M0",-1324.135,1.2557,999,0.018355,0.0075,0,0.00048124999999999,0,NA,NA,NA,NA,NA,NA,NA,NA,NA,NA
"44","rpoB","M0",-4285.15549,1.96352,0.81114,0.00385,0.0012,0.0015,7.5e-05,9.375e-05,NA,NA,NA,NA,NA,NA,NA,NA,NA,NA
"45","rpoC1","M0",-2742.478446,3.15501,1.09036,0.0075,0.0025,0.0023,0.00015625,0.00015625,NA,NA,NA,NA,NA,NA,NA,NA,NA,NA
"46","rpoC2","M0",-5738.624217,2.0827,0.25261,0.016936,0.0034,0.0135,0.00019999999999999,0.00085,NA,NA,NA,NA,NA,NA,NA,NA,NA,NA
"47","rps11","M0",-543.361906,999,1e-04,0.016493,0,0.0248,0,0.00154375,NA,NA,NA,NA,NA,NA,NA,NA,NA,NA
"48","rps14","M0",-403.434553,1e-04,999,0.010042,0.004,0,0.00025,0,NA,NA,NA,NA,NA,NA,NA,NA,NA,NA
"49","rps15","M0",-343.534755,999,1e-04,0.010411,0,0.0122,0,0.0007625,NA,NA,NA,NA,NA,NA,NA,NA,NA,NA
"50","rps16","M0",-370.26017,5.91006,0.24941,0.047006,0.0097,0.039,6e-04,0.00243125,NA,NA,NA,NA,NA,NA,NA,NA,NA,NA
"51","rps18","M0",-408.980037,999,0.76624,0.030703,0.0095,0.0124,6e-04,0.00076875,NA,NA,NA,NA,NA,NA,NA,NA,NA,NA
"52","rps19","M0",-359.393897,999,999,0.010884,0.0049,0,3e-04,0,NA,NA,NA,NA,NA,NA,NA,NA,NA,NA
"53","rps2","M0",-937.144588,1e-04,999,0.004288,0.0017,0,0.00010625,0,NA,NA,NA,NA,NA,NA,NA,NA,NA,NA
"54","rps3","M0",-857.172423,999,0.33463,0.009492,0.0021,0.0063,0.0001375,0.0003875,NA,NA,NA,NA,NA,NA,NA,NA,NA,NA
"55","rps4","M0",-808.522833,1.66532,0.25007,0.01027,0.0021,0.0085,0.0001375,0.000525,NA,NA,NA,NA,NA,NA,NA,NA,NA,NA
"56","rps7","M0",-607.221002,2.04797,1e-04,6.4e-05,0,1e-04,0,0,NA,NA,NA,NA,NA,NA,NA,NA,NA,NA
"57","rps8","M0",-535.003996,1e-04,1e-04,0.013275,0,0.0252,0,0.0015625,NA,NA,NA,NA,NA,NA,NA,NA,NA,NA
"58","ycf1","M0",-7788.453625,0.92199,0.7394,0.036555,0.0115,0.0156,0.00070625,0.000975,NA,NA,NA,NA,NA,NA,NA,NA,NA,NA
"59","atpA","M1a",-2027.119534,0.79438,NA,0.006273,NA,NA,5.625e-05,0.0004125,0.99999,1e-05,0.12645,1,NA,NA,NA,NA,NA,NA
"60","atpB","M1a",-1983.694198,999,NA,0.002096,NA,NA,0,0.00015,0.99999,1e-05,0,1,NA,NA,NA,NA,NA,NA
"61","atpE","M1a",-531.924904,1e-04,NA,0.00762,NA,NA,0.00015625,0.00015625,1e-05,0.99999,0.12687,1,NA,NA,NA,NA,NA,NA
"62","atpH","M1a",-314.844484,999,NA,0.013058,NA,NA,0,0.00106875,0.99999,1e-05,0,1,NA,NA,NA,NA,NA,NA
"63","atpI","M1a",-984.692936,1.98618,NA,0.008333,NA,NA,0.000175,0.000175,1e-05,0.99999,0.06405,1,NA,NA,NA,NA,NA,NA
"64","ccsA","M1a",-1307.197645,3.65366,NA,0.023229,NA,NA,0.000175,0.00144375,0.99999,1e-05,0.12001,1,NA,NA,NA,NA,NA,NA
"65","cemA","M1a",-915.717556,1e-04,NA,0.013613,NA,NA,0.00020625,0.0007125,0.99999,1e-05,0.29898,1,NA,NA,NA,NA,NA,NA
"66","clpP1","M1a",-793.26806,1.3319,NA,0.011608,NA,NA,0,0.0009625,0.99999,1e-05,0,1,NA,NA,NA,NA,NA,NA
"67","matK","M1a",-2047.96457,4.27023,NA,0.02408,NA,NA,5e-04,0.000525,0.99999,1e-05,0.94144,1,NA,NA,NA,NA,NA,NA
"68","ndhA","M1a",-1455.546592,3.9466,NA,0.016945,NA,NA,0.00030625,0.0004875,0.99999,1e-05,0.64007,1,NA,NA,NA,NA,NA,NA
"69","ndhB","M1a",-2019.198982,1.85028,NA,6.4e-05,NA,NA,0,0,0.99999,1e-05,0,1,NA,NA,NA,NA,NA,NA
"70","ndhC","M1a",-461.916911,999,NA,0.009606,NA,NA,0,0.00071875,0.99999,1e-05,0,1,NA,NA,NA,NA,NA,NA
"71","ndhE","M1a",-383.43833,1e-04,NA,6.4e-05,NA,NA,0,0,0.99999,1e-05,0,1,NA,NA,NA,NA,NA,NA
"72","ndhF","M1a",-2902.617358,1.33844,NA,0.014101,NA,NA,0.00024375,0.00050625,0.99999,1e-05,0.4763,1,NA,NA,NA,NA,NA,NA
"73","ndhG","M1a",-689.958538,1e-04,NA,0.011581,NA,NA,0.0002375,0.0002375,1e-05,0.99999,0.27377,1,NA,NA,NA,NA,NA,NA
"74","ndhH","M1a",-1635.721914,1.43265,NA,0.028079,NA,NA,0.00019999999999999,0.0019375,0.89187,0.10813,0,1,NA,NA,NA,NA,NA,NA
"75","ndhI","M1a",-706.308707,3.17811,NA,0.038164,NA,NA,0.0004875,0.001875,0.7355,0.2645,0,1,NA,NA,NA,NA,NA,NA
"76","ndhJ","M1a",-637.61773,1e-04,NA,0.006443,NA,NA,0.00013125,0.00013125,0.97167,0.02833,1,1,NA,NA,NA,NA,NA,NA
"77","ndhK","M1a",-915.742895,0.67702,NA,0.014739,NA,NA,0,0.0015,0.99999,1e-05,0,1,NA,NA,NA,NA,NA,NA
"78","pafI","M1a",-693.95905,0.36336,NA,0.025577,NA,NA,0.00015,0.0024375,0.99999,1e-05,0.06126,1,NA,NA,NA,NA,NA,NA
"79","pafII","M1a",-730.001675,999,NA,0.005881,NA,NA,0,0.0004125,0.99999,1e-05,0,1,NA,NA,NA,NA,NA,NA
"80","petA","M1a",-1321.537817,0.40483,NA,0.019004,NA,NA,0.00040625,0.00040625,0.13713,0.86287,1,1,NA,NA,NA,NA,NA,NA
"81","petB","M1a",-869.762334,999,NA,0.015032,NA,NA,0,0.001125,0.99999,1e-05,0,1,NA,NA,NA,NA,NA,NA
"82","petD","M1a",-635.466144,999,NA,0.013087,NA,NA,0.000175,0.00055,0.67122,0.32878,0,1,NA,NA,NA,NA,NA,NA
"83","psaA","M1a",-3065.527058,4.71854,NA,0.007155,NA,NA,0,0.00053124999999999,0.99999,1e-05,0,1,NA,NA,NA,NA,NA,NA
"84","psaB","M1a",-2986.055704,999,NA,0.008358,NA,NA,0,6e-04,0.99999,1e-05,0,1,NA,NA,NA,NA,NA,NA
"85","psaC","M1a",-318.191526,1.83536,NA,6.4e-05,NA,NA,0,0,0.9581,0.0419,0.48902,1,NA,NA,NA,NA,NA,NA
"86","psbA","M1a",-1417.614903,1.82743,NA,0.009516,NA,NA,0,0.00084374999999999,0.99999,1e-05,0,1,NA,NA,NA,NA,NA,NA
"87","psbB","M1a",-2053.148306,2.02713,NA,0.010834,NA,NA,0,0.00091249999999999,0.99999,1e-05,0,1,NA,NA,NA,NA,NA,NA
"88","psbD","M1a",-1408.091208,999,NA,0.002998,NA,NA,0,0.00020625,0.99999,1e-05,0,1,NA,NA,NA,NA,NA,NA
"89","psbE","M1a",-328.110068,1.98087,NA,6.4e-05,NA,NA,0,0,0.96504,0.03496,0.22633,1,NA,NA,NA,NA,NA,NA
"90","psbH","M1a",-285.662369,999,NA,0.013764,NA,NA,0,0.00128125,0.99999,1e-05,0,1,NA,NA,NA,NA,NA,NA
"91","psbK","M1a",-229.952235,1e-04,NA,6.4e-05,NA,NA,0,0,0.99999,1e-05,0,1,NA,NA,NA,NA,NA,NA
"92","psbZ","M1a",-224.569856,1.52804,NA,6.4e-05,NA,NA,0,0,0.00022,0.99978,1,1,NA,NA,NA,NA,NA,NA
"93","rbcL","M1a",-1977.492599,1.64204,NA,0.021836,NA,NA,3e-04,0.0010125,0.71606,0.28394,0,1,NA,NA,NA,NA,NA,NA
"94","rpl14","M1a",-486.438196,999,NA,0.016862,NA,NA,0,0.001375,0.99999,1e-05,0,1,NA,NA,NA,NA,NA,NA
"95","rpl2","M1a",-1097.210461,1e-04,NA,0.003761,NA,NA,7.5e-05,7.5e-05,0.84009,0.15991,1,1,NA,NA,NA,NA,NA,NA
"96","rpl20","M1a",-485.853009,1.47099,NA,0.043881,NA,NA,0.0009125,0.0009125,1e-05,0.99999,0.03506,1,NA,NA,NA,NA,NA,NA
"97","rpl22","M1a",-616.473198,1e-04,NA,0.020291,NA,NA,0.00041875,0.00041875,1e-05,0.99999,0.3777,1,NA,NA,NA,NA,NA,NA
"98","rpl23","M1a",-366.632096,1.99517,NA,6.4e-05,NA,NA,0,0,0.99999,1e-05,0.19965,1,NA,NA,NA,NA,NA,NA
"99","rpl32","M1a",-211.92412,1.00695,NA,0.040268,NA,NA,0,0.00494375,0.99999,1e-05,0,1,NA,NA,NA,NA,NA,NA
"100","rpl33","M1a",-284.486521,0.92879,NA,0.060622,NA,NA,0.00039375,0.00535,0.99999,1e-05,0.07337,1,NA,NA,NA,NA,NA,NA
"101","rpoA","M1a",-1325.279836,1.04561,NA,0.018608,NA,NA,0.00038125,0.00038125,1e-05,0.99999,0.20482,1,NA,NA,NA,NA,NA,NA
"102","rpoB","M1a",-4285.155632,1.96409,NA,0.003851,NA,NA,7.5e-05,9.375e-05,0.37805,0.62195,0.50174,1,NA,NA,NA,NA,NA,NA
"103","rpoC1","M1a",-2742.040351,2.73401,NA,0.007569,NA,NA,0.000125,0.00028125,0.59478,0.40522,0,1,NA,NA,NA,NA,NA,NA
"104","rpoC2","M1a",-5738.624221,2.08324,NA,0.016938,NA,NA,0.00019999999999999,0.00085,0.99999,1e-05,0.25263,1,NA,NA,NA,NA,NA,NA
"105","rps11","M1a",-543.361179,999,NA,0.016495,NA,NA,0,0.00154375,0.99999,1e-05,0,1,NA,NA,NA,NA,NA,NA
"106","rps14","M1a",-403.587711,1e-04,NA,0.010276,NA,NA,0.0002125,0.0002125,1e-05,0.99999,1,1,NA,NA,NA,NA,NA,NA
"107","rps15","M1a",-343.534542,999,NA,0.010411,NA,NA,0,0.0007625,0.99999,1e-05,0,1,NA,NA,NA,NA,NA,NA
"108","rps16","M1a",-370.260172,5.91007,NA,0.047007,NA,NA,6e-04,0.00243125,0.99999,1e-05,0.2494,1,NA,NA,NA,NA,NA,NA
"109","rps18","M1a",-408.980037,999,NA,0.030703,NA,NA,6e-04,0.00076875,0.99999,1e-05,0.76623,1,NA,NA,NA,NA,NA,NA
"110","rps19","M1a",-359.658202,999,NA,0.011162,NA,NA,0.00023125,0.00023125,1e-05,0.99999,0.02881,1,NA,NA,NA,NA,NA,NA
"111","rps2","M1a",-937.30997,1e-04,NA,0.004365,NA,NA,8.75e-05,8.75e-05,1e-05,0.99999,1,1,NA,NA,NA,NA,NA,NA
"112","rps3","M1a",-857.172424,999,NA,0.009492,NA,NA,0.0001375,0.0003875,0.99999,1e-05,0.33463,1,NA,NA,NA,NA,NA,NA
"113","rps4","M1a",-808.520315,1.63306,NA,0.010337,NA,NA,0.0001375,0.00053125,0.75056,0.24944,0,1,NA,NA,NA,NA,NA,NA
"114","rps7","M1a",-607.221002,1.97166,NA,6.4e-05,NA,NA,0,0,0.99999,1e-05,0,1,NA,NA,NA,NA,NA,NA
"115","rps8","M1a",-535.00329,1e-04,NA,0.013274,NA,NA,0,0.00156875,0.99999,1e-05,0,1,NA,NA,NA,NA,NA,NA
"116","ycf1","M1a",-7786.157139,0.84223,NA,0.037093,NA,NA,0.00066875,0.00131875,0.4957,0.5043,0,1,NA,NA,NA,NA,NA,NA
"117","atpA","M2a",-2027.119534,0.79442,NA,0.006273,NA,NA,5.625e-05,0.0004125,1,0,0.12646,1,0,1,0,NA,NA,NA
"118","atpB","M2a",-1983.694174,999,NA,0.002096,NA,NA,0,0.00015,1,0,0,1,0,1,0,NA,NA,NA
"119","atpE","M2a",-531.71415,1e-04,NA,0.007422,NA,NA,0.00019375,0,1e-05,0,0,1,0.99999,999,0,NA,NA,NA
"120","atpH","M2a",-314.844455,999,NA,0.013058,NA,NA,0,0.00106875,1,0,0,1,0,52.14357,0,NA,NA,NA
"121","atpI","M2a",-984.169636,2.26898,NA,0.008201,NA,NA,0.000225,0,0,0,0,1,1,61.88944,0,NA,NA,NA
"122","ccsA","M2a",-1307.197642,3.65377,NA,0.02323,NA,NA,0.000175,0.00144375,1,0,0.12002,1,0,1,0,NA,NA,NA
"123","cemA","M2a",-915.717555,1e-04,NA,0.013612,NA,NA,0.00020625,0.0007125,1,0,0.299,1,0,1,0,NA,NA,NA
"124","clpP1","M2a",-793.267993,1.33186,NA,0.011608,NA,NA,0,0.0009625,1,0,0,1,0,1,0,NA,NA,NA
"125","matK","M2a",-2047.96457,4.26982,NA,0.02408,NA,NA,5e-04,0.000525,0.99995,0,0.94141,1,5e-05,1,0,NA,NA,NA
"126","ndhA","M2a",-1455.546592,3.94645,NA,0.016945,NA,NA,0.00030625,0.0004875,1,0,0.64005,1,0,1,0,NA,NA,NA
"127","ndhB","M2a",-2019.197499,1e-04,NA,6.4e-05,NA,NA,0,0,1,0,0,1,0,1,0,NA,NA,NA
"128","ndhC","M2a",-461.916881,999,NA,0.009606,NA,NA,0,0.00071875,1,0,0,1,0,1,0,NA,NA,NA
"129","ndhE","M2a",-383.43833,1e-04,NA,6.4e-05,NA,NA,0,0,1,0,0,1,0,1,0,NA,NA,NA
"130","ndhF","M2a",-2902.617358,1.33932,NA,0.014102,NA,NA,0.00024375,0.00050625,1,0,0.47635,1,0,1,0,NA,NA,NA
"131","ndhG","M2a",-689.559708,1e-04,NA,0.011388,NA,NA,0.0002875,0,0,0,1,1,1,999,0,NA,NA,NA
"132","ndhH","M2a",-1634.675158,1.51365,NA,0.027313,NA,NA,0.00025624999999999,0.0016875,0.97821,0,0,1,0.02179,6.99457,0,NA,NA,NA
"133","ndhI","M2a",-706.213178,3.34655,NA,0.045863,NA,NA,0.00070625,0.0018375,0.96335,0,0,1,0.03665,10.45716,0,NA,NA,NA
"134","ndhJ","M2a",-637.473803,1e-04,NA,0.006328,NA,NA,0.00015625,0,0,0,0,1,1,999,0,NA,NA,NA
"135","ndhK","M2a",-915.74277,0.67701,NA,0.014739,NA,NA,0,0.0015,1,0,0,1,0,1,0,NA,NA,NA
"136","pafI","M2a",-693.959041,0.36336,NA,0.025577,NA,NA,0.00015,0.0024375,1,0,0.06126,1,0,1,0,NA,NA,NA
"137","pafII","M2a",-730.00165,999,NA,0.005881,NA,NA,0,0.0004125,1,0,0,1,0,1,0,NA,NA,NA
"138","petA","M2a",-1317.269732,0.42019,NA,0.024282,NA,NA,0.00061874999999999,3.125e-05,0.97289,0,1,1,0.02711,999,3,NA,NA,NA
"139","petB","M2a",-869.762253,999,NA,0.015033,NA,NA,0,0.001125,1,0,0,1,0,1,0,NA,NA,NA
"140","petD","M2a",-634.659265,999,NA,0.047405,NA,NA,0.00113124999999999,0.00054375,0.99261,0,0,1,0.00739,280.9773,0,NA,NA,NA
"141","psaA","M2a",-3065.526922,4.71816,NA,0.007154,NA,NA,0,0.00053124999999999,1,0,0,1,0,1,0,NA,NA,NA
"142","psaB","M2a",-2986.055562,999,NA,0.008358,NA,NA,0,6e-04,1,0,0,1,0,1,0,NA,NA,NA
"143","psaC","M2a",-318.191014,1e-04,NA,6.4e-05,NA,NA,0,0,1,0,0,1,0,1,0,NA,NA,NA
"144","psbA","M2a",-1417.614794,1.82733,NA,0.009517,NA,NA,0,0.00084374999999999,1,0,0,1,0,1,0,NA,NA,NA
"145","psbB","M2a",-2053.14814,2.02699,NA,0.010834,NA,NA,0,0.00091249999999999,1,0,0,1,0,1,0,NA,NA,NA
"146","psbD","M2a",-1408.091185,999,NA,0.002998,NA,NA,0,0.00020625,1,0,0,1,0,58.67975,0,NA,NA,NA
"147","psbE","M2a",-328.109604,1e-04,NA,6.4e-05,NA,NA,0,0,0.99999,1e-05,0,1,0,1,0,NA,NA,NA
"148","psbH","M2a",-285.662337,999,NA,0.013764,NA,NA,0,0.00128125,1,0,0,1,0,1,0,NA,NA,NA
"149","psbK","M2a",-229.952235,1e-04,NA,6.4e-05,NA,NA,0,0,1,0,0,1,0,1,0,NA,NA,NA
"150","psbZ","M2a",-224.569837,1e-04,NA,6.4e-05,NA,NA,0,0,0.08378,0.80987,0,1,0.10635,1,0,NA,NA,NA
"151","rbcL","M2a",-1972.866567,1.88579,NA,0.02255,NA,NA,0.00041874999999999,0.00060625,0.97911,1e-05,0,1,0.02088,33.59925,0,NA,NA,NA
"152","rpl14","M2a",-486.438139,999,NA,0.016862,NA,NA,0,0.001375,1,0,0,1,0,40.97623,0,NA,NA,NA
"153","rpl2","M2a",-1096.99376,1e-04,NA,0.003793,NA,NA,9.375e-05,0,0,0,0,1,1,999,0,NA,NA,NA
"154","rpl20","M2a",-485.852902,1.46942,NA,0.043877,NA,NA,0.0009125,0.000925,1,0,0.98367,1,0,1,0,NA,NA,NA
"155","rpl22","M2a",-615.958764,1e-04,NA,0.020083,NA,NA,0.00050625,0,0,0,0,1,1,999,0,NA,NA,NA
"156","rpl23","M2a",-366.631832,1e-04,NA,6.4e-05,NA,NA,0,0,1,0,0,1,0,1,0,NA,NA,NA
"157","rpl32","M2a",-211.924028,1.00691,NA,0.040268,NA,NA,0,0.00494375,1,0,0,1,0,22.36169,0,NA,NA,NA
"158","rpl33","M2a",-284.486517,0.92878,NA,0.060622,NA,NA,0.00039375,0.00535,1,0,0.07338,1,0,1,0,NA,NA,NA
"159","rpoA","M2a",-1324.134999,1.25582,NA,0.018353,NA,NA,0.00048124999999999,0,0,0,1,1,1,999,6,NA,NA,NA
"160","rpoB","M2a",-4285.155511,1.96401,NA,0.003851,NA,NA,7.5e-05,9.375e-05,0.80628,0.13141,0.76573,1,0.06232,1,0,NA,NA,NA
"161","rpoC1","M2a",-2738.761517,3.1098,NA,0.0076,NA,NA,0.00015625,0.00015625,0.98897,0,0,1,0.01103,100.48702,0,NA,NA,NA
"162","rpoC2","M2a",-5738.624218,2.0829,NA,0.016938,NA,NA,0.00019999999999999,0.00085,1,0,0.25261,1,0,1,0,NA,NA,NA
"163","rps11","M2a",-543.361101,999,NA,0.016494,NA,NA,0,0.00154375,1,0,0,1,0,1,0,NA,NA,NA
"164","rps14","M2a",-403.434553,1e-04,NA,0.010042,NA,NA,0.00025,0,0,0,0,1,1,999,0,NA,NA,NA
"165","rps15","M2a",-343.534518,999,NA,0.01041,NA,NA,0,0.0007625,1,0,0,1,0,1,0,NA,NA,NA
"166","rps16","M2a",-370.26017,5.91006,NA,0.047006,NA,NA,6e-04,0.00243125,1,0,0.24941,1,0,1,0,NA,NA,NA
"167","rps18","M2a",-408.980037,999,NA,0.030703,NA,NA,6e-04,0.00076875,1,0,0.76624,1,0,1,0,NA,NA,NA
"168","rps19","M2a",-359.393897,999,NA,0.010884,NA,NA,3e-04,0,0,0,0,1,1,999,0,NA,NA,NA
"169","rps2","M2a",-937.144588,1e-04,NA,0.004288,NA,NA,0.00010625,0,0,0,1,1,1,999,0,NA,NA,NA
"170","rps3","M2a",-857.172423,999,NA,0.009491,NA,NA,0.0001375,0.0003875,1,0,0.33463,1,0,1,0,NA,NA,NA
"171","rps4","M2a",-808.425298,1.89155,NA,0.014701,NA,NA,0.00025,0.00051249999999999,0.99231,0,0,1,0.00769,63.20925,0,NA,NA,NA
"172","rps7","M2a",-607.220995,29.11452,NA,6.4e-05,NA,NA,0,0,1,0,0,1,0,1,0,NA,NA,NA
"173","rps8","M2a",-535.003214,1e-04,NA,0.013274,NA,NA,0,0.00156875,1,0,0,1,0,1,0,NA,NA,NA
"174","ycf1","M2a",-7780.480255,0.95735,NA,0.038989,NA,NA,0.0007875,0.00095625,0.90165,0,0,1,0.09835,8.26035,0,NA,NA,NA
"175","atpA","M7",-2027.119557,0.79445,NA,0.006274,NA,NA,5.625e-05,0.0004125,NA,NA,NA,NA,NA,NA,NA,3.50208,23.91383,NA
"176","atpB","M7",-1983.694172,999,NA,0.002096,NA,NA,0,0.00015,NA,NA,NA,NA,NA,NA,NA,0.005,1.16876,NA
"177","atpE","M7",-531.924903,1e-04,NA,0.00762,NA,NA,0.00015625,0.00015625,NA,NA,NA,NA,NA,NA,NA,3.92392,0.005,NA
"178","atpH","M7",-314.844452,999,NA,0.013059,NA,NA,0,0.00106875,NA,NA,NA,NA,NA,NA,NA,0.005,19.45355,NA
"179","atpI","M7",-984.758739,1.95845,NA,0.008349,NA,NA,0.0001625,0.0001875,NA,NA,NA,NA,NA,NA,NA,0.03108,0.005,NA
"180","ccsA","M7",-1307.197932,3.65406,NA,0.023228,NA,NA,0.000175,0.00144375,NA,NA,NA,NA,NA,NA,NA,13.55063,99,NA
"181","cemA","M7",-915.717746,1e-04,NA,0.013612,NA,NA,0.00020625,0.0007125,NA,NA,NA,NA,NA,NA,NA,42.28447,99,NA
"182","clpP1","M7",-793.267988,1.33188,NA,0.011609,NA,NA,0,0.0009625,NA,NA,NA,NA,NA,NA,NA,0.005,1.19818,NA
"183","matK","M7",-2047.964649,4.27454,NA,0.024078,NA,NA,5e-04,0.000525,NA,NA,NA,NA,NA,NA,NA,99,5.58263,NA
"184","ndhA","M7",-1455.546739,3.94065,NA,0.016942,NA,NA,0.00030625,0.0004875,NA,NA,NA,NA,NA,NA,NA,99,57.39132,NA
"185","ndhB","M7",-2019.197499,1e-04,NA,6.4e-05,NA,NA,0,0,NA,NA,NA,NA,NA,NA,NA,0.005,47.44588,NA
"186","ndhC","M7",-461.916878,999,NA,0.009606,NA,NA,0,0.00071875,NA,NA,NA,NA,NA,NA,NA,0.005,25.48575,NA
"187","ndhE","M7",-383.43833,1e-04,NA,6.4e-05,NA,NA,0,0,NA,NA,NA,NA,NA,NA,NA,0.005,9.01166,NA
"188","ndhF","M7",-2902.617384,1.33933,NA,0.014095,NA,NA,0.00024375,0.00050625,NA,NA,NA,NA,NA,NA,NA,90.08698,99,NA
"189","ndhG","M7",-689.95852,1e-04,NA,0.011538,NA,NA,0.0002375,0.0002375,NA,NA,NA,NA,NA,NA,NA,15.03621,0.005,NA
"190","ndhH","M7",-1635.744504,1.46433,NA,0.027994,NA,NA,0.0002375,0.00183124999999999,NA,NA,NA,NA,NA,NA,NA,0.005,0.03867,NA
"191","ndhI","M7",-706.309714,3.16787,NA,0.038136,NA,NA,0.0004875,0.001875,NA,NA,NA,NA,NA,NA,NA,0.01533,0.0379,NA
"192","ndhJ","M7",-637.636949,1e-04,NA,0.006459,NA,NA,0.00013125,0.00015,NA,NA,NA,NA,NA,NA,NA,0.03537,0.005,NA
"193","ndhK","M7",-915.742758,0.67703,NA,0.014738,NA,NA,0,0.0015,NA,NA,NA,NA,NA,NA,NA,0.005,3.90616,NA
"194","pafI","M7",-693.959531,0.36338,NA,0.025577,NA,NA,0.00015,0.0024375,NA,NA,NA,NA,NA,NA,NA,6.50876,99,NA
"195","pafII","M7",-730.001648,999,NA,0.005881,NA,NA,0,0.0004125,NA,NA,NA,NA,NA,NA,NA,0.005,98.60125,NA
"196","petA","M7",-1321.53782,0.40482,NA,0.019004,NA,NA,0.00040625,0.00040625,NA,NA,NA,NA,NA,NA,NA,0.36548,0.005,NA
"197","petB","M7",-869.762245,999,NA,0.015032,NA,NA,0,0.001125,NA,NA,NA,NA,NA,NA,NA,0.005,99,NA
"198","petD","M7",-635.467129,999,NA,0.013072,NA,NA,0.0001875,0.00055,NA,NA,NA,NA,NA,NA,NA,0.02231,0.04701,NA
"199","psaA","M7",-3065.52691,4.71963,NA,0.007155,NA,NA,0,0.00053124999999999,NA,NA,NA,NA,NA,NA,NA,0.005,2.24211,NA
"200","psaB","M7",-2986.055548,999,NA,0.008358,NA,NA,0,6e-04,NA,NA,NA,NA,NA,NA,NA,0.005,12.48039,NA
"201","psaC","M7",-318.191014,1e-04,NA,6.4e-05,NA,NA,0,0,NA,NA,NA,NA,NA,NA,NA,0.005,2.10229,NA
"202","psbA","M7",-1417.614788,1.82716,NA,0.009516,NA,NA,0,0.00084374999999999,NA,NA,NA,NA,NA,NA,NA,0.005,0.76197,NA
"203","psbB","M7",-2053.148125,2.02704,NA,0.010835,NA,NA,0,0.00091249999999999,NA,NA,NA,NA,NA,NA,NA,0.005,1.7053,NA
"204","psbD","M7",-1408.09267,418.44905,NA,0.002998,NA,NA,0,0.00020625,NA,NA,NA,NA,NA,NA,NA,0.005,99,NA
"205","psbE","M7",-328.109604,1e-04,NA,6.4e-05,NA,NA,0,0,NA,NA,NA,NA,NA,NA,NA,0.005,1.56166,NA
"206","psbH","M7",-285.662334,999,NA,0.013764,NA,NA,0,0.00128125,NA,NA,NA,NA,NA,NA,NA,0.005,41.77466,NA
"207","psbK","M7",-229.952235,1e-04,NA,6.4e-05,NA,NA,0,0,NA,NA,NA,NA,NA,NA,NA,0.005,45.34176,NA
"208","psbZ","M7",-224.56948,1e-04,NA,6.4e-05,NA,NA,0,0,NA,NA,NA,NA,NA,NA,NA,0.005,72.66813,NA
"209","rbcL","M7",-1977.588748,1.72423,NA,0.021743,NA,NA,0.000325,0.000875,NA,NA,NA,NA,NA,NA,NA,0.005,0.00796,NA
"210","rpl14","M7",-486.438135,999,NA,0.016862,NA,NA,0,0.001375,NA,NA,NA,NA,NA,NA,NA,0.005,0.83188,NA
"211","rpl2","M7",-1097.238189,1e-04,NA,0.003758,NA,NA,7.5e-05,8.75e-05,NA,NA,NA,NA,NA,NA,NA,0.04126,0.005,NA
"212","rpl20","M7",-485.863644,1.45815,NA,0.043915,NA,NA,0.0008875,0.0010125,NA,NA,NA,NA,NA,NA,NA,0.03493,0.005,NA
"213","rpl22","M7",-616.473195,1e-04,NA,0.02029,NA,NA,0.00041875,0.00041875,NA,NA,NA,NA,NA,NA,NA,11.59983,0.005,NA
"214","rpl23","M7",-366.631977,1e-04,NA,6.4e-05,NA,NA,0,0,NA,NA,NA,NA,NA,NA,NA,10.05328,99,NA
"215","rpl32","M7",-211.924017,1.00691,NA,0.040268,NA,NA,0,0.00494375,NA,NA,NA,NA,NA,NA,NA,0.005,99,NA
"216","rpl33","M7",-284.486725,0.92883,NA,0.060634,NA,NA,0.00039375,0.00535,NA,NA,NA,NA,NA,NA,NA,7.89342,99,NA
"217","rpoA","M7",-1325.279828,1.04554,NA,0.018608,NA,NA,0.00038125,0.00038125,NA,NA,NA,NA,NA,NA,NA,5.25218,0.005,NA
"218","rpoB","M7",-4285.170939,2.02367,NA,0.003843,NA,NA,7.5e-05,7.5e-05,NA,NA,NA,NA,NA,NA,NA,0.63601,0.005,NA
"219","rpoC1","M7",-2742.043892,2.69726,NA,0.007575,NA,NA,0.000125,0.0003125,NA,NA,NA,NA,NA,NA,NA,0.005,0.00781,NA
"220","rpoC2","M7",-5738.62499,2.08306,NA,0.016933,NA,NA,0.00019999999999999,0.00085,NA,NA,NA,NA,NA,NA,NA,33.48637,98.94123,NA
"221","rps11","M7",-543.541161,24.80222,NA,0.016351,NA,NA,0,0.00151875,NA,NA,NA,NA,NA,NA,NA,0.005,0.15185,NA
"222","rps14","M7",-403.587711,1e-04,NA,0.010276,NA,NA,0.0002125,0.0002125,NA,NA,NA,NA,NA,NA,NA,2.20158,0.005,NA
"223","rps15","M7",-343.534516,999,NA,0.01041,NA,NA,0,0.0007625,NA,NA,NA,NA,NA,NA,NA,0.005,99,NA
"224","rps16","M7",-370.260546,5.91045,NA,0.047009,NA,NA,6e-04,0.00243125,NA,NA,NA,NA,NA,NA,NA,32.96097,99,NA
"225","rps18","M7",-408.980097,999,NA,0.030703,NA,NA,6e-04,0.00076875,NA,NA,NA,NA,NA,NA,NA,99,30.19879,NA
"226","rps19","M7",-359.6582,999,NA,0.011162,NA,NA,0.00023125,0.00023125,NA,NA,NA,NA,NA,NA,NA,5.18907,0.005,NA
"227","rps2","M7",-937.398712,1e-04,NA,0.004391,NA,NA,8.125e-05,0.00013125,NA,NA,NA,NA,NA,NA,NA,0.00687,0.005,NA
"228","rps3","M7",-857.172454,999,NA,0.009491,NA,NA,0.0001375,0.0003875,NA,NA,NA,NA,NA,NA,NA,49.82179,99,NA
"229","rps4","M7",-808.520226,1.66349,NA,0.010331,NA,NA,0.0001375,0.000525,NA,NA,NA,NA,NA,NA,NA,0.00535,0.01619,NA
"230","rps7","M7",-607.221002,1.95156,NA,6.4e-05,NA,NA,0,0,NA,NA,NA,NA,NA,NA,NA,0.005,0.54817,NA
"231","rps8","M7",-535.003206,1e-04,NA,0.013274,NA,NA,0,0.00156875,NA,NA,NA,NA,NA,NA,NA,0.005,39.88496,NA
"232","ycf1","M7",-7786.446968,0.88801,NA,0.036849,NA,NA,7e-04,0.001125,NA,NA,NA,NA,NA,NA,NA,0.00832,0.005,NA
"233","atpA","M8",-2027.119739,0.79901,NA,0.006275,NA,NA,5.625e-05,0.0004125,0.99999,1e-05,NA,NA,NA,NA,0,0.31662,2.0865,1.88558
"234","atpB","M8",-1983.698203,257.4192,NA,0.002097,NA,NA,0,0.00015,0.99999,1e-05,NA,NA,NA,NA,0,0.005,99,8.76477
"235","atpE","M8",-531.508876,1e-04,NA,0.018317,NA,NA,0.00046875,4.375e-05,0.98958,0.01042,NA,NA,NA,NA,0,0.005,2.07504,999
"236","atpH","M8",-314.844481,999,NA,0.013058,NA,NA,0,0.00106875,0.99999,1e-05,NA,NA,NA,NA,0,0.005,1.70427,1
"237","atpI","M8",-984.160405,2.27066,NA,0.008199,NA,NA,0.000225,0,1e-05,0.99999,NA,NA,NA,NA,2,0.005,99,860.77982
"238","ccsA","M8",-1307.198462,3.65456,NA,0.02323,NA,NA,0.000175,0.00144375,0.99999,1e-05,NA,NA,NA,NA,0,8.23921,60.10202,13.42379
"239","cemA","M8",-915.717747,1e-04,NA,0.013612,NA,NA,0.00020625,0.0007125,0.99999,1e-05,NA,NA,NA,NA,0,42.28066,99,1
"240","clpP1","M8",-793.268053,1.33187,NA,0.011609,NA,NA,0,0.0009625,0.99999,1e-05,NA,NA,NA,NA,0,0.005,47.88339,1
"241","matK","M8",-2047.968199,4.30893,NA,0.024083,NA,NA,5e-04,0.00050625,0.01451,0.98549,NA,NA,NA,NA,0,0.005,1.11213,1
"242","ndhA","M8",-1455.54666,3.94742,NA,0.016944,NA,NA,0.00030625,0.0004875,0.99999,1e-05,NA,NA,NA,NA,0,99,55.60047,1
"243","ndhB","M8",-2019.199008,1.92989,NA,6.4e-05,NA,NA,0,0,0.99999,1e-05,NA,NA,NA,NA,0,0.005,1.24042,2.56803
"244","ndhC","M8",-461.916908,999,NA,0.009606,NA,NA,0,0.00071875,0.99999,1e-05,NA,NA,NA,NA,0,0.005,16.89499,1
"245","ndhE","M8",-383.43833,1e-04,NA,6.4e-05,NA,NA,0,0,0.99999,1e-05,NA,NA,NA,NA,0,0.005,2.09686,2.88739
"246","ndhF","M8",-2902.617383,1.33925,NA,0.014099,NA,NA,0.00024375,0.00050625,0.99999,1e-05,NA,NA,NA,NA,0,89.99237,99,2.22095
"247","ndhG","M8",-689.560354,1e-04,NA,0.011388,NA,NA,0.0002875,0,1e-05,0.99999,NA,NA,NA,NA,2,28.44023,0.005,406.2094
"248","ndhH","M8",-1634.675157,1.51372,NA,0.027315,NA,NA,0.00025624999999999,0.0016875,0.97821,0.02179,NA,NA,NA,NA,0,0.005,1.36562,6.99552
"249","ndhI","M8",-706.213178,3.34656,NA,0.045865,NA,NA,0.00070625,0.0018375,0.96335,0.03665,NA,NA,NA,NA,0,0.005,1.46566,10.45784
"250","ndhJ","M8",-637.473803,1e-04,NA,0.006328,NA,NA,0.00015625,0,1e-05,0.99999,NA,NA,NA,NA,0,0.005,1.37387,999
"251","ndhK","M8",-915.742883,0.67705,NA,0.014738,NA,NA,0,0.0015,0.99999,1e-05,NA,NA,NA,NA,0,0.005,6.85131,1
"252","pafI","M8",-694.02031,0.37029,NA,0.025519,NA,NA,0.00015625,0.002375,0.93331,0.06669,NA,NA,NA,NA,0,0.01023,3.09318,1
"253","pafII","M8",-730.003344,397.95129,NA,0.005882,NA,NA,0,0.0004125,0.99999,1e-05,NA,NA,NA,NA,0,0.005,99,1
"254","petA","M8",-1317.274905,0.42123,NA,0.024138,NA,NA,0.00061874999999999,3.125e-05,0.9701,0.0299,NA,NA,NA,NA,5,0.005,2.68335,999
"255","petB","M8",-869.762325,999,NA,0.015032,NA,NA,0,0.001125,0.99999,1e-05,NA,NA,NA,NA,0,0.005,8.9569,1
"256","petD","M8",-634.659263,999,NA,0.047405,NA,NA,0.00113124999999999,0.00054375,0.99261,0.00739,NA,NA,NA,NA,0,0.005,1.30524,280.98006
"257","psaA","M8",-3065.527183,4.71839,NA,0.007155,NA,NA,0,0.00053124999999999,0.99999,1e-05,NA,NA,NA,NA,0,0.005,1.20228,2.00613
"258","psaB","M8",-2986.076456,284.39081,NA,0.008376,NA,NA,0,6e-04,0.99999,1e-05,NA,NA,NA,NA,0,0.005,99,86.25749
"259","psaC","M8",-318.191014,1e-04,NA,6.4e-05,NA,NA,0,0,0.99999,1e-05,NA,NA,NA,NA,0,0.005,1.51035,1
"260","psbA","M8",-1417.614892,1.82743,NA,0.009516,NA,NA,0,0.00084374999999999,0.99999,1e-05,NA,NA,NA,NA,0,0.005,99,1
"261","psbB","M8",-2053.148292,2.02732,NA,0.010834,NA,NA,0,0.00091249999999999,0.99999,1e-05,NA,NA,NA,NA,0,0.005,1.48094,1
"262","psbD","M8",-1408.091205,999,NA,0.002998,NA,NA,0,0.00020625,0.99999,1e-05,NA,NA,NA,NA,0,0.005,6.01503,1
"263","psbE","M8",-328.109604,1e-04,NA,6.4e-05,NA,NA,0,0,0.99999,1e-05,NA,NA,NA,NA,0,0.005,1.8201,3.41674
"264","psbH","M8",-285.662828,999,NA,0.013822,NA,NA,0,0.00128125,0.99999,1e-05,NA,NA,NA,NA,0,0.005,1.92355,122.61904
"265","psbK","M8",-229.953214,1.93294,NA,6.4e-05,NA,NA,0,0,0.64542,0.35458,NA,NA,NA,NA,0,0.005,2.09248,3.64958
"266","psbZ","M8",-224.569753,999,NA,6.4e-05,NA,NA,0,0,1e-05,0.99999,NA,NA,NA,NA,0,0.005,0.46346,999
"267","rbcL","M8",-1972.866552,1.88581,NA,0.022551,NA,NA,0.00041874999999999,0.0006125,0.97912,0.02088,NA,NA,NA,NA,0,0.005,6.03559,33.58991
"268","rpl14","M8",-486.43819,999,NA,0.016862,NA,NA,0,0.001375,0.99999,1e-05,NA,NA,NA,NA,0,0.005,86.71712,1
"269","rpl2","M8",-1096.99376,1e-04,NA,0.003792,NA,NA,9.375e-05,0,1e-05,0.99999,NA,NA,NA,NA,0,0.005,0.19875,999
"270","rpl20","M8",-485.852907,1.46944,NA,0.043877,NA,NA,0.0009125,0.000925,0.99999,1e-05,NA,NA,NA,NA,0,99,1.60963,1
"271","rpl22","M8",-615.958764,1e-04,NA,0.020083,NA,NA,0.00050625,0,1e-05,0.99999,NA,NA,NA,NA,3,0.005,94.00283,999
"272","rpl23","M8",-366.632212,1.94092,NA,6.4e-05,NA,NA,0,0,0.85991,0.14009,NA,NA,NA,NA,0,0.005,1.92886,3.5533
"273","rpl32","M8",-211.924109,1.00694,NA,0.040268,NA,NA,0,0.00494375,0.99999,1e-05,NA,NA,NA,NA,0,0.005,84.16902,1
"274","rpl33","M8",-284.48704,0.92883,NA,0.060649,NA,NA,0.00039375,0.00535,0.99999,1e-05,NA,NA,NA,NA,0,5.64944,70.71352,9.78892
"275","rpoA","M8",-1324.135,1.25577,NA,0.018353,NA,NA,0.00048124999999999,0,1e-05,0.99999,NA,NA,NA,NA,6,0.005,3.28591,999
"276","rpoB","M8",-4285.155933,1.96578,NA,0.003849,NA,NA,7.5e-05,9.375e-05,0.31386,0.68614,NA,NA,NA,NA,0,0.00504,0.01114,1.04866
"277","rpoC1","M8",-2738.761517,3.11125,NA,0.007602,NA,NA,0.00015625,0.00015625,0.98897,0.01103,NA,NA,NA,NA,0,0.005,13.03534,100.49236
"278","rpoC2","M8",-5738.625166,2.08295,NA,0.016968,NA,NA,0.00019999999999999,0.00085,0.99999,1e-05,NA,NA,NA,NA,0,33.50115,99,1
"279","rps11","M8",-543.361658,999,NA,0.016498,NA,NA,0,0.00154375,0.99999,1e-05,NA,NA,NA,NA,0,0.005,5.18144,10.66512
"280","rps14","M8",-403.434553,1e-04,NA,0.010042,NA,NA,0.00025,0,1e-05,0.99999,NA,NA,NA,NA,0,99,0.005,999
"281","rps15","M8",-343.53454,999,NA,0.010411,NA,NA,0,0.0007625,0.99999,1e-05,NA,NA,NA,NA,0,0.005,1.34179,1
"282","rps16","M8",-370.260548,5.91051,NA,0.047009,NA,NA,6e-04,0.00243125,0.99999,1e-05,NA,NA,NA,NA,0,32.95997,99,1
"283","rps18","M8",-408.980098,999,NA,0.030702,NA,NA,6e-04,0.00076875,0.99999,1e-05,NA,NA,NA,NA,0,99,30.32542,1
"284","rps19","M8",-359.393897,999,NA,0.010884,NA,NA,3e-04,0,1e-05,0.99999,NA,NA,NA,NA,0,0.005,76.37946,999
"285","rps2","M8",-937.144588,1e-04,NA,0.004288,NA,NA,0.00010625,0,1e-05,0.99999,NA,NA,NA,NA,0,0.005,1.18009,999
"286","rps3","M8",-857.177673,999,NA,0.009503,NA,NA,0.0001375,0.0003875,0.65921,0.34079,NA,NA,NA,NA,0,0.005,76.97047,1
"287","rps4","M8",-808.425297,1.89146,NA,0.014701,NA,NA,0.00025,0.00051249999999999,0.99231,0.00769,NA,NA,NA,NA,0,0.005,2.37173,63.196
"288","rps7","M8",-607.220999,6.20654,NA,6.4e-05,NA,NA,0,0,0.99999,1e-05,NA,NA,NA,NA,0,0.005,99,147.40213
"289","rps8","M8",-535.003283,1e-04,NA,0.013274,NA,NA,0,0.00156875,0.99999,1e-05,NA,NA,NA,NA,0,0.005,1.76313,1
"290","ycf1","M8",-7780.480255,0.95735,NA,0.038989,NA,NA,0.0007875,0.00095625,0.90166,0.09834,NA,NA,NA,NA,0,0.005,1.86834,8.26167
