"","gene","lnL_M0","lnL_M1a","lnL_M2a","lnL_M7","lnL_M8","LRT_M1a_M2a","p_M1a_M2a","sig_M1a_M2a","LRT_M7_M8","p_M7_M8","sig_M7_M8","pos_sel_both"
"1","atpA",-2027.119895,-2027.119534,-2027.119534,-2027.119557,-2027.119739,0,1,FALSE,-0.000363999999990483,1,FALSE,FALSE
"2","atpB",-1983.694415,-1983.694198,-1983.694174,-1983.694172,-1983.698203,4.79999998788116e-05,0.999976000288058,FALSE,-0.00806199999988166,1,FALSE,FALSE
"3","atpE",-531.71415,-531.924904,-531.71415,-531.924903,-531.508876,0.421507999999903,0.809973295805921,FALSE,0.832053999999971,0.659662459357547,FALSE,FALSE
"4","atpH",-314.844758,-314.844484,-314.844455,-314.844452,-314.844481,5.80000000809378e-05,0.999971000420456,FALSE,-5.79999999672509e-05,1,FALSE,FALSE
"5","atpI",-984.160306,-984.692936,-984.169636,-984.758739,-984.160405,1.04660000000013,0.592561863768294,FALSE,1.19666800000005,0.549726718331595,FALSE,FALSE
"6","ccsA",-1307.197642,-1307.197645,-1307.197642,-1307.197932,-1307.198462,5.99999975747778e-06,0.999997000004621,FALSE,-0.00106000000005224,1,FALSE,FALSE
"7","cemA",-915.717555,-915.717556,-915.717555,-915.717746,-915.717747,1.99999999495049e-06,0.999999000000503,FALSE,-1.99999999495049e-06,1,FALSE,FALSE
"8","clpP1",-793.268672,-793.26806,-793.267993,-793.267988,-793.268053,0.000133999999889056,0.999933002244505,FALSE,-0.000130000000126529,1,FALSE,FALSE
"9","matK",-2047.96457,-2047.96457,-2047.96457,-2047.964649,-2047.968199,0,1,FALSE,-0.00709999999980937,1,FALSE,FALSE
"10","ndhA",-1455.546592,-1455.546592,-1455.546592,-1455.546739,-1455.54666,0,1,FALSE,0.000157999999828462,0.999921003120504,FALSE,FALSE
"11","ndhB",-2019.199592,-2019.198982,-2019.197499,-2019.197499,-2019.199008,0.00296599999956015,0.99851809910133,FALSE,-0.00301799999988361,1,FALSE,FALSE
"12","ndhC",-461.917179,-461.916911,-461.916881,-461.916878,-461.916908,6.00000000758882e-05,0.999970000449958,FALSE,-5.99999999622014e-05,1,FALSE,FALSE
"13","ndhE",-383.438933,-383.43833,-383.43833,-383.43833,-383.43833,0,1,FALSE,0,1,FALSE,FALSE
"14","ndhF",-2902.617358,-2902.617358,-2902.617358,-2902.617384,-2902.617383,0,1,FALSE,2.00000067707151e-06,0.999999000000162,FALSE,FALSE
"15","ndhG",-689.559708,-689.958538,-689.559708,-689.95852,-689.560354,0.797659999999951,0.671104779469058,FALSE,0.79633200000012,0.671550541019025,FALSE,FALSE
"16","ndhH",-1637.639749,-1635.721914,-1634.675158,-1635.744504,-1634.675157,2.09351199999992,0.351074790453202,FALSE,2.13869400000021,0.343232575127425,FALSE,FALSE
"17","ndhI",-706.325312,-706.308707,-706.213178,-706.309714,-706.213178,0.191058000000112,0.908892003403329,FALSE,0.193072000000029,0.907977209831806,FALSE,FALSE
"18","ndhJ",-637.473803,-637.61773,-637.473803,-637.636949,-637.473803,0.287854000000152,0.865950960171961,FALSE,0.326291999999967,0.849467157155598,FALSE,FALSE
"19","ndhK",-915.744052,-915.742895,-915.74277,-915.742758,-915.742883,0.000250000000050932,0.999875007812149,FALSE,-0.000250000000050932,1,FALSE,FALSE
"20","pafI",-693.959041,-693.95905,-693.959041,-693.959531,-694.02031,1.8000000181928e-05,0.999991000040409,FALSE,-0.12155800000005,1,FALSE,FALSE
"21","pafII",-730.0019,-730.001675,-730.00165,-730.001648,-730.003344,4.99999998737621e-05,0.99997500031256,FALSE,-0.00339199999984885,1,FALSE,FALSE
"22","petA",-1320.320987,-1321.537817,-1317.269732,-1321.53782,-1317.274905,8.53616999999986,0.0140085839216232,TRUE,8.52583000000004,0.0140811958405709,TRUE,TRUE
"23","petB",-869.763073,-869.762334,-869.762253,-869.762245,-869.762325,0.000162000000045737,0.999919003280389,FALSE,-0.000160000000050786,1,FALSE,FALSE
"24","petD",-635.473684,-635.466144,-634.659265,-635.467129,-634.659263,1.61375799999996,0.446248637104738,FALSE,1.61573199999998,0.445808406989212,FALSE,FALSE
"25","psaA",-3065.52828,-3065.527058,-3065.526922,-3065.52691,-3065.527183,0.000272000000222761,0.999864009247469,FALSE,-0.000546000000213098,1,FALSE,FALSE
"26","psaB",-2986.056982,-2986.055704,-2986.055562,-2986.055548,-2986.076456,0.000283999999737716,0.999858010081654,FALSE,-0.0418159999999261,1,FALSE,FALSE
"27","psaC",-318.191472,-318.191526,-318.191014,-318.191014,-318.191014,0.00102400000002945,0.999488131049618,FALSE,0,1,FALSE,FALSE
"28","psbA",-1417.615894,-1417.614903,-1417.614794,-1417.614788,-1417.614892,0.000217999999676977,0.999891005940446,FALSE,-0.000207999999929598,1,FALSE,FALSE
"29","psbB",-2053.149822,-2053.148306,-2053.14814,-2053.148125,-2053.148292,0.000332000000526023,0.999834013776975,FALSE,-0.000333999999384105,1,FALSE,FALSE
"30","psbD",-1408.091415,-1408.091208,-1408.091185,-1408.09267,-1408.091205,4.60000001112348e-05,0.999977000264442,FALSE,0.00293000000010579,0.998536072588602,FALSE,FALSE
"31","psbE",-328.109604,-328.110068,-328.109604,-328.109604,-328.109604,0.000928000000044449,0.99953610763133,FALSE,0,1,FALSE,FALSE
"32","psbH",-285.662664,-285.662369,-285.662337,-285.662334,-285.662828,6.40000000657892e-05,0.999968000511962,FALSE,-0.00098800000000665,1,FALSE,FALSE
"33","psbK",-229.952236,-229.952235,-229.952235,-229.952235,-229.953214,0,1,FALSE,-0.0019580000000019,1,FALSE,FALSE
"34","psbZ",-224.569823,-224.569856,-224.569837,-224.56948,-224.569753,3.79999999609026e-05,0.999981000180518,FALSE,-0.000545999999985725,1,FALSE,FALSE
"35","rbcL",-1979.176433,-1977.492599,-1972.866567,-1977.588748,-1972.866552,9.25206399999979,0.00979354288259442,TRUE,9.44439199999988,0.00889562229697086,TRUE,TRUE
"36","rpl14",-486.438731,-486.438196,-486.438139,-486.438135,-486.43819,0.000114000000053238,0.999943001624442,FALSE,-0.000110000000063337,1,FALSE,FALSE
"37","rpl2",-1096.99376,-1097.210461,-1096.99376,-1097.238189,-1096.99376,0.43340199999966,0.805170679350319,FALSE,0.488857999999709,0.783151590154493,FALSE,FALSE
"38","rpl20",-485.852902,-485.853009,-485.852902,-485.863644,-485.852907,0.000214000000028136,0.999893005724282,FALSE,0.021474000000012,0.989320435837835,FALSE,FALSE
"39","rpl22",-615.958764,-616.473198,-615.958764,-616.473195,-615.958764,1.0288680000001,0.59783887567927,FALSE,1.02886200000012,0.597840669198583,FALSE,FALSE
"40","rpl23",-366.631872,-366.632096,-366.631832,-366.631977,-366.632212,0.00052800000003117,0.999736034844918,FALSE,-0.000469999999950232,1,FALSE,FALSE
"41","rpl32",-211.925063,-211.92412,-211.924028,-211.924017,-211.924109,0.000183999999990192,0.999908004231875,FALSE,-0.000183999999990192,1,FALSE,FALSE
"42","rpl33",-284.486517,-284.486521,-284.486517,-284.486725,-284.48704,7.99999997980194e-06,0.99999600000801,FALSE,-0.000630000000001019,1,FALSE,FALSE
"43","rpoA",-1324.135,-1325.279836,-1324.134999,-1325.279828,-1324.135,2.28967399999965,0.31827579251675,FALSE,2.28965599999992,0.318278657011729,FALSE,FALSE
"44","rpoB",-4285.15549,-4285.155632,-4285.155511,-4285.170939,-4285.155933,0.00024200000007113,0.999879007320169,FALSE,0.0300119999992603,0.985106028949521,FALSE,FALSE
"45","rpoC1",-2742.478446,-2742.040351,-2738.761517,-2742.043892,-2738.761517,6.55766800000038,0.037672156943412,TRUE,6.56475000000046,0.0375389957367291,TRUE,TRUE
"46","rpoC2",-5738.624217,-5738.624221,-5738.624218,-5738.62499,-5738.625166,6.00000021222513e-06,0.999997000004394,FALSE,-0.000351999999111285,1,FALSE,FALSE
"47","rps11",-543.361906,-543.361179,-543.361101,-543.541161,-543.361658,0.000156000000060885,0.99992200304189,FALSE,0.359005999999908,0.835685443883104,FALSE,FALSE
"48","rps14",-403.434553,-403.587711,-403.434553,-403.587711,-403.434553,0.306316000000038,0.857994148025942,FALSE,0.306316000000038,0.857994148025942,FALSE,FALSE
"49","rps15",-343.534755,-343.534542,-343.534518,-343.534516,-343.53454,4.79999999924985e-05,0.999976000288001,FALSE,-4.79999999924985e-05,1,FALSE,FALSE
"50","rps16",-370.26017,-370.260172,-370.26017,-370.260546,-370.260548,3.99999998990097e-06,0.999998000002005,FALSE,-3.99999998990097e-06,1,FALSE,FALSE
"51","rps18",-408.980037,-408.980037,-408.980037,-408.980097,-408.980098,0,1,FALSE,-1.99999999495049e-06,1,FALSE,FALSE
"52","rps19",-359.393897,-359.658202,-359.393897,-359.6582,-359.393897,0.528610000000072,0.767739343443821,FALSE,0.528606000000082,0.76774087892404,FALSE,FALSE
"53","rps2",-937.144588,-937.30997,-937.144588,-937.398712,-937.144588,0.330764000000045,0.847569870549079,FALSE,0.508248000000094,0.775595622226258,FALSE,FALSE
"54","rps3",-857.172423,-857.172424,-857.172423,-857.172454,-857.177673,1.99999999495049e-06,0.999999000000503,FALSE,-0.0104380000000219,1,FALSE,FALSE
"55","rps4",-808.522833,-808.520315,-808.425298,-808.520226,-808.425297,0.190033999999969,0.909357475259763,FALSE,0.189857999999958,0.909437502238726,FALSE,FALSE
"56","rps7",-607.221002,-607.221002,-607.220995,-607.221002,-607.220999,1.39999999646534e-05,0.999993000024518,FALSE,5.99999998485146e-06,0.999997000004508,FALSE,FALSE
"57","rps8",-535.003996,-535.00329,-535.003214,-535.003206,-535.003283,0.000152000000070984,0.999924002887891,FALSE,-0.000154000000065935,1,FALSE,FALSE
"58","ycf1",-7788.453625,-7786.157139,-7780.480255,-7786.446968,-7780.480255,11.353767999999,0.00342421168063055,TRUE,11.9334259999996,0.00256265102415211,TRUE,TRUE
