Amino acid,Codon,A. digitata,A. grandidieri,A. gregorii,A. kilima,A. madagascariensis,A. perrieri,A. rubrostipa,A. suarezensis,A. za
Trp,TGG,1,1,1,1,1,1,1,1,1
Gly,GGT,1.34,1.35,1.35,1.34,1.35,1.35,1.35,1.35,1.35
Arg,AGG,0.59,0.59,0.6,0.59,0.59,0.58,0.59,0.58,0.59
Arg,CGA,1.48,1.47,1.49,1.48,1.46,1.46,1.46,1.47,1.46
Cys,TGT,1.53,1.53,1.52,1.53,1.52,1.52,1.52,1.53,1.52
Gly,GGG,0.66,0.66,0.66,0.66,0.66,0.66,0.66,0.65,0.66
Arg,AGA,1.75,1.78,1.74,1.75,1.77,1.77,1.77,1.77,1.77
Arg,CGC,0.45,0.44,0.43,0.45,0.44,0.44,0.44,0.44,0.44
Cys,TGC,0.47,0.47,0.48,0.47,0.48,0.48,0.48,0.47,0.48
Gly,GGA,1.59,1.58,1.58,1.59,1.58,1.58,1.58,1.59,1.58
Ser,AGC,0.41,0.4,0.4,0.41,0.41,0.41,0.4,0.4,0.4
Arg,CGG,0.35,0.33,0.35,0.35,0.34,0.35,0.34,0.34,0.33
Tyr,TAC,0.39,0.38,0.39,0.39,0.38,0.38,0.38,0.39,0.38
Gly,GGC,0.41,0.41,0.41,0.41,0.41,0.41,0.41,0.41,0.41
Ser,AGT,1.23,1.22,1.23,1.23,1.22,1.23,1.22,1.22,1.22
Arg,CGT,1.38,1.4,1.38,1.38,1.4,1.4,1.4,1.4,1.4
Tyr,TAT,1.61,1.62,1.61,1.61,1.62,1.62,1.62,1.61,1.62
Asp,GAT,1.6,1.6,1.6,1.6,1.6,1.6,1.6,1.6,1.6
Lys,AAG,0.44,0.44,0.44,0.44,0.44,0.44,0.44,0.44,0.44
Gln,CAA,1.58,1.58,1.58,1.58,1.58,1.58,1.58,1.58,1.58
Ser,TCT,1.72,1.73,1.73,1.72,1.72,1.73,1.71,1.73,1.73
Asp,GAC,0.4,0.4,0.4,0.4,0.4,0.4,0.4,0.4,0.4
Lys,AAA,1.56,1.56,1.56,1.56,1.56,1.56,1.56,1.56,1.56
Gln,CAG,0.42,0.42,0.42,0.42,0.42,0.42,0.42,0.42,0.42
Ser,TCG,0.46,0.46,0.46,0.46,0.46,0.46,0.46,0.46,0.46
Glu,GAA,1.55,1.55,1.55,1.55,1.55,1.54,1.55,1.55,1.55
Asn,AAC,0.44,0.45,0.44,0.44,0.45,0.45,0.45,0.44,0.45
His,CAT,1.49,1.49,1.47,1.49,1.49,1.49,1.49,1.49,1.49
Ser,TCA,1.28,1.27,1.28,1.28,1.27,1.27,1.28,1.27,1.27
Glu,GAG,0.45,0.45,0.45,0.45,0.45,0.46,0.45,0.45,0.45
Asn,AAT,1.56,1.55,1.56,1.56,1.55,1.55,1.55,1.56,1.55
His,CAC,0.51,0.51,0.53,0.51,0.51,0.51,0.51,0.51,0.51
Ser,TCC,0.91,0.91,0.9,0.91,0.91,0.91,0.91,0.91,0.91
Ala,GCA,1.06,1.06,1.06,1.06,1.06,1.06,1.06,1.06,1.06
Thr,ACC,0.73,0.73,0.73,0.73,0.72,0.72,0.72,0.72,0.72
Pro,CCT,1.65,1.65,1.67,1.65,1.64,1.65,1.65,1.66,1.66
Phe,TTT,1.38,1.38,1.38,1.38,1.38,1.38,1.38,1.38,1.38
Ala,GCC,0.67,0.67,0.66,0.67,0.67,0.67,0.66,0.67,0.67
Thr,ACA,1.25,1.27,1.24,1.25,1.27,1.27,1.27,1.26,1.27
Pro,CCG,0.53,0.54,0.53,0.53,0.54,0.54,0.54,0.54,0.54
Phe,TTC,0.62,0.62,0.62,0.62,0.62,0.62,0.62,0.62,0.62
Ala,GCG,0.49,0.49,0.48,0.49,0.49,0.49,0.49,0.49,0.49
Thr,ACG,0.4,0.39,0.39,0.4,0.39,0.4,0.4,0.41,0.39
Pro,CCA,1.11,1.1,1.1,1.11,1.1,1.1,1.09,1.1,1.09
Leu,TTG,1.2,1.18,1.19,1.2,1.18,1.18,1.19,1.19,1.19
Ala,GCT,1.78,1.78,1.79,1.78,1.78,1.78,1.78,1.78,1.78
Thr,ACT,1.61,1.61,1.63,1.61,1.62,1.62,1.61,1.61,1.62
Pro,CCC,0.71,0.71,0.7,0.71,0.72,0.71,0.71,0.71,0.71
Leu,TTA,2.07,2.07,2.07,2.07,2.07,2.06,2.06,2.06,2.06
Val,GTA,1.54,1.55,1.55,1.54,1.56,1.55,1.56,1.56,1.56
Ile,ATC,0.54,0.55,0.55,0.54,0.54,0.55,0.54,0.54,0.54
Leu,CTA,0.79,0.79,0.79,0.79,0.79,0.79,0.79,0.79,0.79
Ter,TAG,0.62,0.59,0.59,0.62,0.59,0.59,0.59,0.59,0.59
Val,GTC,0.46,0.45,0.45,0.46,0.45,0.45,0.45,0.44,0.45
Ile,ATA,0.93,0.93,0.93,0.93,0.94,0.93,0.94,0.94,0.93
Leu,CTT,1.22,1.23,1.21,1.22,1.23,1.23,1.23,1.23,1.23
Ter,TGA,0.67,0.68,0.68,0.67,0.68,0.68,0.68,0.68,0.68
Val,GTG,0.54,0.53,0.55,0.54,0.53,0.53,0.53,0.53,0.53
Ile,ATT,1.52,1.52,1.52,1.52,1.52,1.52,1.52,1.52,1.52
Leu,CTC,0.36,0.36,0.36,0.36,0.36,0.36,0.36,0.36,0.37
Ter,TAA,1.71,1.73,1.73,1.71,1.73,1.73,1.73,1.73,1.73
Val,GTT,1.46,1.46,1.45,1.46,1.46,1.46,1.46,1.46,1.46
Met,ATG,1,1,1,1,1,1,1,1,1
Leu,CTG,0.37,0.37,0.37,0.37,0.37,0.37,0.37,0.37,0.37
